{"polyfill":["/polyfill-fe724ad68a5021e141da.js"],"app":["/app-50963c8e33628afb7d4b.js"],"component---cache-caches-gatsby-plugin-offline-app-shell-js":["/component---cache-caches-gatsby-plugin-offline-app-shell-js-d0af0a3dd2ad9425cea2.js"],"component---src-pages-404-tsx":["/component---src-pages-404-tsx-422609090662c3b3eb5c.js"],"component---src-pages-about-us-tsx":["/component---src-pages-about-us-tsx-142a81864047acf7b015.js"],"component---src-pages-advantage-plan-tsx":["/component---src-pages-advantage-plan-tsx-092385aed86b57b765d8.js"],"component---src-pages-apply-tsx":["/component---src-pages-apply-tsx-2cdac114a84bcb85cc62.js"],"component---src-pages-bmi-apply-tsx":["/component---src-pages-bmi-apply-tsx-82632e167391e67f5fc5.js"],"component---src-pages-bmi-travel-tsx":["/component---src-pages-bmi-travel-tsx-00a3db251009ce3e4c5a.js"],"component---src-pages-choice-plan-tsx":["/component---src-pages-choice-plan-tsx-62f2a3092932b27a9374.js"],"component---src-pages-claims-tsx":["/component---src-pages-claims-tsx-da3ed79d31e72c74bcec.js"],"component---src-pages-contact-us-tsx":["/component---src-pages-contact-us-tsx-1b8792113e2f1d2ebe98.js"],"component---src-pages-cookies-policy-tsx":["/component---src-pages-cookies-policy-tsx-9bff38325a654c49e5a0.js"],"component---src-pages-dental-discounts-from-inf-tsx":["/component---src-pages-dental-discounts-from-inf-tsx-c22db72216469250f125.js"],"component---src-pages-diplomat-america-tsx":["/component---src-pages-diplomat-america-tsx-b5fad828e74cf8b7dd15.js"],"component---src-pages-diplomat-international-tsx":["/component---src-pages-diplomat-international-tsx-f085adc6b5b1ac934c1f.js"],"component---src-pages-elite-network-faq-tsx":["/component---src-pages-elite-network-faq-tsx-313733426e35a8a3dfbb.js"],"component---src-pages-elite-network-tsx":["/component---src-pages-elite-network-tsx-9158505537e1d8e73b0e.js"],"component---src-pages-extend-tsx":["/component---src-pages-extend-tsx-2253109928c7ed21c4e3.js"],"component---src-pages-eyemed-tsx":["/component---src-pages-eyemed-tsx-8c44d36b00baa0177b68.js"],"component---src-pages-faq-tsx":["/component---src-pages-faq-tsx-830c10f6894c33f86a04.js"],"component---src-pages-first-health-ppo-tsx":["/component---src-pages-first-health-ppo-tsx-cb7ddaf951fed82429de.js"],"component---src-pages-ihc-stm-tsx":["/component---src-pages-ihc-stm-tsx-256454619f60af18721a.js"],"component---src-pages-index-tsx":["/component---src-pages-index-tsx-ddf12f24116ac7216a5b.js"],"component---src-pages-inf-easy-select-premiums-tsx":["/component---src-pages-inf-easy-select-premiums-tsx-dcd33469f5c50acbaa02.js"],"component---src-pages-inf-easy-select-tsx":["/component---src-pages-inf-easy-select-tsx-7c45fa5a496c7e8112ad.js"],"component---src-pages-members-tsx":["/component---src-pages-members-tsx-6ae60f45d62b008bce11.js"],"component---src-pages-plan-id-cards-tsx":["/component---src-pages-plan-id-cards-tsx-5aab929e2e4e337a58d3.js"],"component---src-pages-premier-faq-tsx":["/component---src-pages-premier-faq-tsx-9fa9aaa770cfb490186f.js"],"component---src-pages-premier-tsx":["/component---src-pages-premier-tsx-1adc032139476f549186.js"],"component---src-pages-privacy-policy-tsx":["/component---src-pages-privacy-policy-tsx-5342c836c589e1a6566b.js"],"component---src-pages-producers-tsx":["/component---src-pages-producers-tsx-d88c5981ae4836821452.js"],"component---src-pages-request-a-quote-tsx":["/component---src-pages-request-a-quote-tsx-cbf88d979f020bcec379.js"],"component---src-pages-select-care-plan-tsx":["/component---src-pages-select-care-plan-tsx-6fdea33c695285c9ccd5.js"],"component---src-pages-standard-faq-tsx":["/component---src-pages-standard-faq-tsx-59aa7cb212be42450590.js"],"component---src-pages-standard-tsx":["/component---src-pages-standard-tsx-a7d761d3aed5a896cf21.js"],"component---src-pages-telemedicine-visitors-insurance-tsx":["/component---src-pages-telemedicine-visitors-insurance-tsx-ca0c1d1edf82a048b5c4.js"],"component---src-pages-terms-of-use-tsx":["/component---src-pages-terms-of-use-tsx-2fa7b188e5034842a2fd.js"],"component---src-pages-thank-you-for-contacting-us-tsx":["/component---src-pages-thank-you-for-contacting-us-tsx-4e85cff7a5824514d03f.js"],"component---src-pages-thank-you-tsx":["/component---src-pages-thank-you-tsx-66d706d7f372b64eb041.js"],"component---src-pages-travel-insurance-for-visiting-seniors-tsx":["/component---src-pages-travel-insurance-for-visiting-seniors-tsx-b12613a2e48260560ca6.js"],"component---src-pages-traveler-usa-tsx":["/component---src-pages-traveler-usa-tsx-dfd8f088c6e08b651f3e.js"],"component---src-pages-trip-shield-tsx":["/component---src-pages-trip-shield-tsx-a5f0190ecbf09b2141d8.js"],"component---src-pages-visitor-insurance-tips-tsx":["/component---src-pages-visitor-insurance-tips-tsx-1574dda40eaf15b6efb8.js"],"component---src-pages-visitors-insurance-faq-tsx":["/component---src-pages-visitors-insurance-faq-tsx-fac7cdf4b72696235897.js"],"component---src-pages-visitors-insurance-plans-tsx":["/component---src-pages-visitors-insurance-plans-tsx-75f6a01b4bdae662fb29.js"],"component---src-pages-visitors-insurance-quote-tsx":["/component---src-pages-visitors-insurance-quote-tsx-6ba1ebcba3be864e512c.js"],"component---src-pages-why-inf-tsx":["/component---src-pages-why-inf-tsx-cee13bf7bd69525a28cd.js"],"component---src-templates-template-tsx":["/component---src-templates-template-tsx-75d3aeae1b4fab675ac7.js"]}