{"polyfill":["/polyfill-fe724ad68a5021e141da.js"],"app":["/app-50963c8e33628afb7d4b.js"],"component---cache-caches-gatsby-plugin-offline-app-shell-js":["/component---cache-caches-gatsby-plugin-offline-app-shell-js-d0af0a3dd2ad9425cea2.js"],"component---src-pages-404-tsx":["/component---src-pages-404-tsx-644e1e8de8fc02f2e9b8.js"],"component---src-pages-about-us-tsx":["/component---src-pages-about-us-tsx-337c9088ab109577b22e.js"],"component---src-pages-advantage-plan-tsx":["/component---src-pages-advantage-plan-tsx-15f2b50d6b82bfd37809.js"],"component---src-pages-apply-tsx":["/component---src-pages-apply-tsx-cf1b3a45aeff6d2fba28.js"],"component---src-pages-bmi-apply-tsx":["/component---src-pages-bmi-apply-tsx-f7325eadffa8a0ffa765.js"],"component---src-pages-bmi-travel-tsx":["/component---src-pages-bmi-travel-tsx-1da80b707ca156bc7c53.js"],"component---src-pages-choice-plan-tsx":["/component---src-pages-choice-plan-tsx-5ddd5011c9c528c8e931.js"],"component---src-pages-claims-tsx":["/component---src-pages-claims-tsx-5771ec8adc26c2d3d8b4.js"],"component---src-pages-contact-us-tsx":["/component---src-pages-contact-us-tsx-7b49566cd5bf97957114.js"],"component---src-pages-cookies-policy-tsx":["/component---src-pages-cookies-policy-tsx-e13bd3a650d020cbfa1e.js"],"component---src-pages-dental-discounts-from-inf-tsx":["/component---src-pages-dental-discounts-from-inf-tsx-726dac461343cba360df.js"],"component---src-pages-diplomat-america-tsx":["/component---src-pages-diplomat-america-tsx-f5877b78a5802a3a5a75.js"],"component---src-pages-diplomat-international-tsx":["/component---src-pages-diplomat-international-tsx-887bbdffadf2ccbf0cdf.js"],"component---src-pages-elite-network-faq-tsx":["/component---src-pages-elite-network-faq-tsx-ba6d107eabeeb895ea23.js"],"component---src-pages-elite-network-tsx":["/component---src-pages-elite-network-tsx-4fd07a1a89929833b8c8.js"],"component---src-pages-extend-tsx":["/component---src-pages-extend-tsx-781d60591ccc21b03d95.js"],"component---src-pages-eyemed-tsx":["/component---src-pages-eyemed-tsx-ae9209ac7e4853be9a81.js"],"component---src-pages-faq-tsx":["/component---src-pages-faq-tsx-830c10f6894c33f86a04.js"],"component---src-pages-first-health-ppo-tsx":["/component---src-pages-first-health-ppo-tsx-cb7ddaf951fed82429de.js"],"component---src-pages-ihc-stm-tsx":["/component---src-pages-ihc-stm-tsx-256454619f60af18721a.js"],"component---src-pages-index-tsx":["/component---src-pages-index-tsx-82b2cf23ecc7d06bd386.js"],"component---src-pages-inf-easy-select-premiums-tsx":["/component---src-pages-inf-easy-select-premiums-tsx-8ba5ce57fc344a61fccd.js"],"component---src-pages-inf-easy-select-tsx":["/component---src-pages-inf-easy-select-tsx-ed6ddf423fdf5a177e06.js"],"component---src-pages-members-tsx":["/component---src-pages-members-tsx-f8a1967eca07d9851f3e.js"],"component---src-pages-plan-id-cards-tsx":["/component---src-pages-plan-id-cards-tsx-352904c04a576a8d0caf.js"],"component---src-pages-premier-faq-tsx":["/component---src-pages-premier-faq-tsx-9fa9aaa770cfb490186f.js"],"component---src-pages-premier-tsx":["/component---src-pages-premier-tsx-1adc032139476f549186.js"],"component---src-pages-privacy-policy-tsx":["/component---src-pages-privacy-policy-tsx-5342c836c589e1a6566b.js"],"component---src-pages-producers-tsx":["/component---src-pages-producers-tsx-f1cb01eb96634dfe01de.js"],"component---src-pages-request-a-quote-tsx":["/component---src-pages-request-a-quote-tsx-cbf88d979f020bcec379.js"],"component---src-pages-select-care-plan-tsx":["/component---src-pages-select-care-plan-tsx-6fdea33c695285c9ccd5.js"],"component---src-pages-standard-faq-tsx":["/component---src-pages-standard-faq-tsx-59aa7cb212be42450590.js"],"component---src-pages-standard-tsx":["/component---src-pages-standard-tsx-76b8bf35b1e632f78595.js"],"component---src-pages-telemedicine-visitors-insurance-tsx":["/component---src-pages-telemedicine-visitors-insurance-tsx-ca0c1d1edf82a048b5c4.js"],"component---src-pages-terms-of-use-tsx":["/component---src-pages-terms-of-use-tsx-5111daf99042dbc26b23.js"],"component---src-pages-thank-you-for-contacting-us-tsx":["/component---src-pages-thank-you-for-contacting-us-tsx-4e85cff7a5824514d03f.js"],"component---src-pages-thank-you-tsx":["/component---src-pages-thank-you-tsx-66d706d7f372b64eb041.js"],"component---src-pages-travel-insurance-for-visiting-seniors-tsx":["/component---src-pages-travel-insurance-for-visiting-seniors-tsx-b12613a2e48260560ca6.js"],"component---src-pages-traveler-usa-tsx":["/component---src-pages-traveler-usa-tsx-dfd8f088c6e08b651f3e.js"],"component---src-pages-trip-shield-tsx":["/component---src-pages-trip-shield-tsx-a5f0190ecbf09b2141d8.js"],"component---src-pages-visitor-insurance-tips-tsx":["/component---src-pages-visitor-insurance-tips-tsx-1574dda40eaf15b6efb8.js"],"component---src-pages-visitors-insurance-faq-tsx":["/component---src-pages-visitors-insurance-faq-tsx-fac7cdf4b72696235897.js"],"component---src-pages-visitors-insurance-plans-tsx":["/component---src-pages-visitors-insurance-plans-tsx-75f6a01b4bdae662fb29.js"],"component---src-pages-visitors-insurance-quote-tsx":["/component---src-pages-visitors-insurance-quote-tsx-6ba1ebcba3be864e512c.js"],"component---src-pages-why-inf-tsx":["/component---src-pages-why-inf-tsx-cee13bf7bd69525a28cd.js"],"component---src-templates-template-tsx":["/component---src-templates-template-tsx-75d3aeae1b4fab675ac7.js"]}