{"errors":[],"warnings":[],"namedChunkGroups":{"polyfill":{"chunks":[5,56],"assets":["webpack-runtime-d776193c62db3d4e070c.js","webpack-runtime-d776193c62db3d4e070c.js.map","polyfill-fe724ad68a5021e141da.js","polyfill-fe724ad68a5021e141da.js.map"],"children":{},"childAssets":{}},"app":{"chunks":[5,55,7,6],"assets":["webpack-runtime-d776193c62db3d4e070c.js","webpack-runtime-d776193c62db3d4e070c.js.map","framework-c74b59c982ebd195fbff.js","framework-c74b59c982ebd195fbff.js.map","b637e9a5-fae4b12d5f2329656571.js","b637e9a5-fae4b12d5f2329656571.js.map","app-50963c8e33628afb7d4b.js","app-50963c8e33628afb7d4b.js.map"],"children":{},"childAssets":{}},"component---cache-caches-gatsby-plugin-offline-app-shell-js":{"chunks":[8],"assets":["component---cache-caches-gatsby-plugin-offline-app-shell-js-d0af0a3dd2ad9425cea2.js","component---cache-caches-gatsby-plugin-offline-app-shell-js-d0af0a3dd2ad9425cea2.js.map"],"children":{},"childAssets":{}},"component---src-pages-404-tsx":{"chunks":[1,0,2,9],"assets":["styles.f7674eb60459d90e6b64.css","styles-e9d24b1846c7d6eb9685.js","styles-e9d24b1846c7d6eb9685.js.map","61a55bcb8bb67f4c33f2bbbf0fb7dbd06b98dabb-20ee895a6b9a9039ce98.js","61a55bcb8bb67f4c33f2bbbf0fb7dbd06b98dabb-20ee895a6b9a9039ce98.js.map","056aa1096da788580a4407e0d1d1674e1ba35ef9-87740d770dc22b70a83f.js","056aa1096da788580a4407e0d1d1674e1ba35ef9-87740d770dc22b70a83f.js.map","component---src-pages-404-tsx-644e1e8de8fc02f2e9b8.js","component---src-pages-404-tsx-644e1e8de8fc02f2e9b8.js.map"],"children":{},"childAssets":{}},"component---src-pages-about-us-tsx":{"chunks":[1,0,2,10],"assets":["styles.f7674eb60459d90e6b64.css","styles-e9d24b1846c7d6eb9685.js","styles-e9d24b1846c7d6eb9685.js.map","61a55bcb8bb67f4c33f2bbbf0fb7dbd06b98dabb-20ee895a6b9a9039ce98.js","61a55bcb8bb67f4c33f2bbbf0fb7dbd06b98dabb-20ee895a6b9a9039ce98.js.map","056aa1096da788580a4407e0d1d1674e1ba35ef9-87740d770dc22b70a83f.js","056aa1096da788580a4407e0d1d1674e1ba35ef9-87740d770dc22b70a83f.js.map","component---src-pages-about-us-tsx-337c9088ab109577b22e.js","component---src-pages-about-us-tsx-337c9088ab109577b22e.js.map"],"children":{},"childAssets":{}},"component---src-pages-advantage-plan-tsx":{"chunks":[1,0,2,11],"assets":["styles.f7674eb60459d90e6b64.css","styles-e9d24b1846c7d6eb9685.js","styles-e9d24b1846c7d6eb9685.js.map","61a55bcb8bb67f4c33f2bbbf0fb7dbd06b98dabb-20ee895a6b9a9039ce98.js","61a55bcb8bb67f4c33f2bbbf0fb7dbd06b98dabb-20ee895a6b9a9039ce98.js.map","056aa1096da788580a4407e0d1d1674e1ba35ef9-87740d770dc22b70a83f.js","056aa1096da788580a4407e0d1d1674e1ba35ef9-87740d770dc22b70a83f.js.map","component---src-pages-advantage-plan-tsx-15f2b50d6b82bfd37809.js","component---src-pages-advantage-plan-tsx-15f2b50d6b82bfd37809.js.map"],"children":{},"childAssets":{}},"component---src-pages-apply-tsx":{"chunks":[1,0,2,3,12],"assets":["styles.f7674eb60459d90e6b64.css","styles-e9d24b1846c7d6eb9685.js","styles-e9d24b1846c7d6eb9685.js.map","61a55bcb8bb67f4c33f2bbbf0fb7dbd06b98dabb-20ee895a6b9a9039ce98.js","61a55bcb8bb67f4c33f2bbbf0fb7dbd06b98dabb-20ee895a6b9a9039ce98.js.map","056aa1096da788580a4407e0d1d1674e1ba35ef9-87740d770dc22b70a83f.js","056aa1096da788580a4407e0d1d1674e1ba35ef9-87740d770dc22b70a83f.js.map","644b2429bf27f7406b31cb1023499dfc27d00fd5-20757582684167f0f3c0.js","644b2429bf27f7406b31cb1023499dfc27d00fd5-20757582684167f0f3c0.js.map","component---src-pages-apply-tsx-cf1b3a45aeff6d2fba28.js","component---src-pages-apply-tsx-cf1b3a45aeff6d2fba28.js.map"],"children":{},"childAssets":{}},"component---src-pages-bmi-apply-tsx":{"chunks":[1,0,2,3,13],"assets":["styles.f7674eb60459d90e6b64.css","styles-e9d24b1846c7d6eb9685.js","styles-e9d24b1846c7d6eb9685.js.map","61a55bcb8bb67f4c33f2bbbf0fb7dbd06b98dabb-20ee895a6b9a9039ce98.js","61a55bcb8bb67f4c33f2bbbf0fb7dbd06b98dabb-20ee895a6b9a9039ce98.js.map","056aa1096da788580a4407e0d1d1674e1ba35ef9-87740d770dc22b70a83f.js","056aa1096da788580a4407e0d1d1674e1ba35ef9-87740d770dc22b70a83f.js.map","644b2429bf27f7406b31cb1023499dfc27d00fd5-20757582684167f0f3c0.js","644b2429bf27f7406b31cb1023499dfc27d00fd5-20757582684167f0f3c0.js.map","component---src-pages-bmi-apply-tsx-f7325eadffa8a0ffa765.js","component---src-pages-bmi-apply-tsx-f7325eadffa8a0ffa765.js.map"],"children":{},"childAssets":{}},"component---src-pages-bmi-travel-tsx":{"chunks":[1,0,2,3,14],"assets":["styles.f7674eb60459d90e6b64.css","styles-e9d24b1846c7d6eb9685.js","styles-e9d24b1846c7d6eb9685.js.map","61a55bcb8bb67f4c33f2bbbf0fb7dbd06b98dabb-20ee895a6b9a9039ce98.js","61a55bcb8bb67f4c33f2bbbf0fb7dbd06b98dabb-20ee895a6b9a9039ce98.js.map","056aa1096da788580a4407e0d1d1674e1ba35ef9-87740d770dc22b70a83f.js","056aa1096da788580a4407e0d1d1674e1ba35ef9-87740d770dc22b70a83f.js.map","644b2429bf27f7406b31cb1023499dfc27d00fd5-20757582684167f0f3c0.js","644b2429bf27f7406b31cb1023499dfc27d00fd5-20757582684167f0f3c0.js.map","component---src-pages-bmi-travel-tsx-1da80b707ca156bc7c53.js","component---src-pages-bmi-travel-tsx-1da80b707ca156bc7c53.js.map"],"children":{},"childAssets":{}},"component---src-pages-choice-plan-tsx":{"chunks":[1,0,2,15],"assets":["styles.f7674eb60459d90e6b64.css","styles-e9d24b1846c7d6eb9685.js","styles-e9d24b1846c7d6eb9685.js.map","61a55bcb8bb67f4c33f2bbbf0fb7dbd06b98dabb-20ee895a6b9a9039ce98.js","61a55bcb8bb67f4c33f2bbbf0fb7dbd06b98dabb-20ee895a6b9a9039ce98.js.map","056aa1096da788580a4407e0d1d1674e1ba35ef9-87740d770dc22b70a83f.js","056aa1096da788580a4407e0d1d1674e1ba35ef9-87740d770dc22b70a83f.js.map","component---src-pages-choice-plan-tsx-5ddd5011c9c528c8e931.js","component---src-pages-choice-plan-tsx-5ddd5011c9c528c8e931.js.map"],"children":{},"childAssets":{}},"component---src-pages-claims-tsx":{"chunks":[1,0,2,3,16],"assets":["styles.f7674eb60459d90e6b64.css","styles-e9d24b1846c7d6eb9685.js","styles-e9d24b1846c7d6eb9685.js.map","61a55bcb8bb67f4c33f2bbbf0fb7dbd06b98dabb-20ee895a6b9a9039ce98.js","61a55bcb8bb67f4c33f2bbbf0fb7dbd06b98dabb-20ee895a6b9a9039ce98.js.map","056aa1096da788580a4407e0d1d1674e1ba35ef9-87740d770dc22b70a83f.js","056aa1096da788580a4407e0d1d1674e1ba35ef9-87740d770dc22b70a83f.js.map","644b2429bf27f7406b31cb1023499dfc27d00fd5-20757582684167f0f3c0.js","644b2429bf27f7406b31cb1023499dfc27d00fd5-20757582684167f0f3c0.js.map","component---src-pages-claims-tsx-5771ec8adc26c2d3d8b4.js","component---src-pages-claims-tsx-5771ec8adc26c2d3d8b4.js.map"],"children":{},"childAssets":{}},"component---src-pages-contact-us-tsx":{"chunks":[1,0,2,17],"assets":["styles.f7674eb60459d90e6b64.css","styles-e9d24b1846c7d6eb9685.js","styles-e9d24b1846c7d6eb9685.js.map","61a55bcb8bb67f4c33f2bbbf0fb7dbd06b98dabb-20ee895a6b9a9039ce98.js","61a55bcb8bb67f4c33f2bbbf0fb7dbd06b98dabb-20ee895a6b9a9039ce98.js.map","056aa1096da788580a4407e0d1d1674e1ba35ef9-87740d770dc22b70a83f.js","056aa1096da788580a4407e0d1d1674e1ba35ef9-87740d770dc22b70a83f.js.map","component---src-pages-contact-us-tsx-7b49566cd5bf97957114.js","component---src-pages-contact-us-tsx-7b49566cd5bf97957114.js.map"],"children":{},"childAssets":{}},"component---src-pages-cookies-policy-tsx":{"chunks":[1,0,18],"assets":["styles.f7674eb60459d90e6b64.css","styles-e9d24b1846c7d6eb9685.js","styles-e9d24b1846c7d6eb9685.js.map","61a55bcb8bb67f4c33f2bbbf0fb7dbd06b98dabb-20ee895a6b9a9039ce98.js","61a55bcb8bb67f4c33f2bbbf0fb7dbd06b98dabb-20ee895a6b9a9039ce98.js.map","component---src-pages-cookies-policy-tsx-e13bd3a650d020cbfa1e.js","component---src-pages-cookies-policy-tsx-e13bd3a650d020cbfa1e.js.map"],"children":{},"childAssets":{}},"component---src-pages-dental-discounts-from-inf-tsx":{"chunks":[1,0,2,19],"assets":["styles.f7674eb60459d90e6b64.css","styles-e9d24b1846c7d6eb9685.js","styles-e9d24b1846c7d6eb9685.js.map","61a55bcb8bb67f4c33f2bbbf0fb7dbd06b98dabb-20ee895a6b9a9039ce98.js","61a55bcb8bb67f4c33f2bbbf0fb7dbd06b98dabb-20ee895a6b9a9039ce98.js.map","056aa1096da788580a4407e0d1d1674e1ba35ef9-87740d770dc22b70a83f.js","056aa1096da788580a4407e0d1d1674e1ba35ef9-87740d770dc22b70a83f.js.map","component---src-pages-dental-discounts-from-inf-tsx-726dac461343cba360df.js","component---src-pages-dental-discounts-from-inf-tsx-726dac461343cba360df.js.map"],"children":{},"childAssets":{}},"component---src-pages-diplomat-america-tsx":{"chunks":[1,0,2,3,20],"assets":["styles.f7674eb60459d90e6b64.css","styles-e9d24b1846c7d6eb9685.js","styles-e9d24b1846c7d6eb9685.js.map","61a55bcb8bb67f4c33f2bbbf0fb7dbd06b98dabb-20ee895a6b9a9039ce98.js","61a55bcb8bb67f4c33f2bbbf0fb7dbd06b98dabb-20ee895a6b9a9039ce98.js.map","056aa1096da788580a4407e0d1d1674e1ba35ef9-87740d770dc22b70a83f.js","056aa1096da788580a4407e0d1d1674e1ba35ef9-87740d770dc22b70a83f.js.map","644b2429bf27f7406b31cb1023499dfc27d00fd5-20757582684167f0f3c0.js","644b2429bf27f7406b31cb1023499dfc27d00fd5-20757582684167f0f3c0.js.map","component---src-pages-diplomat-america-tsx-f5877b78a5802a3a5a75.js","component---src-pages-diplomat-america-tsx-f5877b78a5802a3a5a75.js.map"],"children":{},"childAssets":{}},"component---src-pages-diplomat-international-tsx":{"chunks":[1,0,2,3,21],"assets":["styles.f7674eb60459d90e6b64.css","styles-e9d24b1846c7d6eb9685.js","styles-e9d24b1846c7d6eb9685.js.map","61a55bcb8bb67f4c33f2bbbf0fb7dbd06b98dabb-20ee895a6b9a9039ce98.js","61a55bcb8bb67f4c33f2bbbf0fb7dbd06b98dabb-20ee895a6b9a9039ce98.js.map","056aa1096da788580a4407e0d1d1674e1ba35ef9-87740d770dc22b70a83f.js","056aa1096da788580a4407e0d1d1674e1ba35ef9-87740d770dc22b70a83f.js.map","644b2429bf27f7406b31cb1023499dfc27d00fd5-20757582684167f0f3c0.js","644b2429bf27f7406b31cb1023499dfc27d00fd5-20757582684167f0f3c0.js.map","component---src-pages-diplomat-international-tsx-887bbdffadf2ccbf0cdf.js","component---src-pages-diplomat-international-tsx-887bbdffadf2ccbf0cdf.js.map"],"children":{},"childAssets":{}},"component---src-pages-elite-network-faq-tsx":{"chunks":[1,0,2,22],"assets":["styles.f7674eb60459d90e6b64.css","styles-e9d24b1846c7d6eb9685.js","styles-e9d24b1846c7d6eb9685.js.map","61a55bcb8bb67f4c33f2bbbf0fb7dbd06b98dabb-20ee895a6b9a9039ce98.js","61a55bcb8bb67f4c33f2bbbf0fb7dbd06b98dabb-20ee895a6b9a9039ce98.js.map","056aa1096da788580a4407e0d1d1674e1ba35ef9-87740d770dc22b70a83f.js","056aa1096da788580a4407e0d1d1674e1ba35ef9-87740d770dc22b70a83f.js.map","component---src-pages-elite-network-faq-tsx-ba6d107eabeeb895ea23.js","component---src-pages-elite-network-faq-tsx-ba6d107eabeeb895ea23.js.map"],"children":{},"childAssets":{}},"component---src-pages-elite-network-tsx":{"chunks":[1,0,2,23],"assets":["styles.f7674eb60459d90e6b64.css","styles-e9d24b1846c7d6eb9685.js","styles-e9d24b1846c7d6eb9685.js.map","61a55bcb8bb67f4c33f2bbbf0fb7dbd06b98dabb-20ee895a6b9a9039ce98.js","61a55bcb8bb67f4c33f2bbbf0fb7dbd06b98dabb-20ee895a6b9a9039ce98.js.map","056aa1096da788580a4407e0d1d1674e1ba35ef9-87740d770dc22b70a83f.js","056aa1096da788580a4407e0d1d1674e1ba35ef9-87740d770dc22b70a83f.js.map","component---src-pages-elite-network-tsx-4fd07a1a89929833b8c8.js","component---src-pages-elite-network-tsx-4fd07a1a89929833b8c8.js.map"],"children":{},"childAssets":{}},"component---src-pages-extend-tsx":{"chunks":[1,0,2,3,24],"assets":["styles.f7674eb60459d90e6b64.css","styles-e9d24b1846c7d6eb9685.js","styles-e9d24b1846c7d6eb9685.js.map","61a55bcb8bb67f4c33f2bbbf0fb7dbd06b98dabb-20ee895a6b9a9039ce98.js","61a55bcb8bb67f4c33f2bbbf0fb7dbd06b98dabb-20ee895a6b9a9039ce98.js.map","056aa1096da788580a4407e0d1d1674e1ba35ef9-87740d770dc22b70a83f.js","056aa1096da788580a4407e0d1d1674e1ba35ef9-87740d770dc22b70a83f.js.map","644b2429bf27f7406b31cb1023499dfc27d00fd5-20757582684167f0f3c0.js","644b2429bf27f7406b31cb1023499dfc27d00fd5-20757582684167f0f3c0.js.map","component---src-pages-extend-tsx-781d60591ccc21b03d95.js","component---src-pages-extend-tsx-781d60591ccc21b03d95.js.map"],"children":{},"childAssets":{}},"component---src-pages-eyemed-tsx":{"chunks":[1,0,2,4,25],"assets":["styles.f7674eb60459d90e6b64.css","styles-e9d24b1846c7d6eb9685.js","styles-e9d24b1846c7d6eb9685.js.map","61a55bcb8bb67f4c33f2bbbf0fb7dbd06b98dabb-20ee895a6b9a9039ce98.js","61a55bcb8bb67f4c33f2bbbf0fb7dbd06b98dabb-20ee895a6b9a9039ce98.js.map","056aa1096da788580a4407e0d1d1674e1ba35ef9-87740d770dc22b70a83f.js","056aa1096da788580a4407e0d1d1674e1ba35ef9-87740d770dc22b70a83f.js.map","6f22149499e490f295044dab776d8919ecae7556-73a3270215dfb387e189.js","6f22149499e490f295044dab776d8919ecae7556-73a3270215dfb387e189.js.map","component---src-pages-eyemed-tsx-ae9209ac7e4853be9a81.js","component---src-pages-eyemed-tsx-ae9209ac7e4853be9a81.js.map"],"children":{},"childAssets":{}},"component---src-pages-faq-tsx":{"chunks":[1,0,2,26],"assets":["styles.f7674eb60459d90e6b64.css","styles-e9d24b1846c7d6eb9685.js","styles-e9d24b1846c7d6eb9685.js.map","61a55bcb8bb67f4c33f2bbbf0fb7dbd06b98dabb-20ee895a6b9a9039ce98.js","61a55bcb8bb67f4c33f2bbbf0fb7dbd06b98dabb-20ee895a6b9a9039ce98.js.map","056aa1096da788580a4407e0d1d1674e1ba35ef9-87740d770dc22b70a83f.js","056aa1096da788580a4407e0d1d1674e1ba35ef9-87740d770dc22b70a83f.js.map","component---src-pages-faq-tsx-830c10f6894c33f86a04.js","component---src-pages-faq-tsx-830c10f6894c33f86a04.js.map"],"children":{},"childAssets":{}},"component---src-pages-first-health-ppo-tsx":{"chunks":[1,0,2,27],"assets":["styles.f7674eb60459d90e6b64.css","styles-e9d24b1846c7d6eb9685.js","styles-e9d24b1846c7d6eb9685.js.map","61a55bcb8bb67f4c33f2bbbf0fb7dbd06b98dabb-20ee895a6b9a9039ce98.js","61a55bcb8bb67f4c33f2bbbf0fb7dbd06b98dabb-20ee895a6b9a9039ce98.js.map","056aa1096da788580a4407e0d1d1674e1ba35ef9-87740d770dc22b70a83f.js","056aa1096da788580a4407e0d1d1674e1ba35ef9-87740d770dc22b70a83f.js.map","component---src-pages-first-health-ppo-tsx-cb7ddaf951fed82429de.js","component---src-pages-first-health-ppo-tsx-cb7ddaf951fed82429de.js.map"],"children":{},"childAssets":{}},"component---src-pages-ihc-stm-tsx":{"chunks":[1,0,2,28],"assets":["styles.f7674eb60459d90e6b64.css","styles-e9d24b1846c7d6eb9685.js","styles-e9d24b1846c7d6eb9685.js.map","61a55bcb8bb67f4c33f2bbbf0fb7dbd06b98dabb-20ee895a6b9a9039ce98.js","61a55bcb8bb67f4c33f2bbbf0fb7dbd06b98dabb-20ee895a6b9a9039ce98.js.map","056aa1096da788580a4407e0d1d1674e1ba35ef9-87740d770dc22b70a83f.js","056aa1096da788580a4407e0d1d1674e1ba35ef9-87740d770dc22b70a83f.js.map","component---src-pages-ihc-stm-tsx-256454619f60af18721a.js","component---src-pages-ihc-stm-tsx-256454619f60af18721a.js.map"],"children":{},"childAssets":{}},"component---src-pages-index-tsx":{"chunks":[1,0,2,3,4,29],"assets":["styles.f7674eb60459d90e6b64.css","styles-e9d24b1846c7d6eb9685.js","styles-e9d24b1846c7d6eb9685.js.map","61a55bcb8bb67f4c33f2bbbf0fb7dbd06b98dabb-20ee895a6b9a9039ce98.js","61a55bcb8bb67f4c33f2bbbf0fb7dbd06b98dabb-20ee895a6b9a9039ce98.js.map","056aa1096da788580a4407e0d1d1674e1ba35ef9-87740d770dc22b70a83f.js","056aa1096da788580a4407e0d1d1674e1ba35ef9-87740d770dc22b70a83f.js.map","644b2429bf27f7406b31cb1023499dfc27d00fd5-20757582684167f0f3c0.js","644b2429bf27f7406b31cb1023499dfc27d00fd5-20757582684167f0f3c0.js.map","6f22149499e490f295044dab776d8919ecae7556-73a3270215dfb387e189.js","6f22149499e490f295044dab776d8919ecae7556-73a3270215dfb387e189.js.map","component---src-pages-index-tsx-82b2cf23ecc7d06bd386.js","component---src-pages-index-tsx-82b2cf23ecc7d06bd386.js.map"],"children":{},"childAssets":{}},"component---src-pages-inf-easy-select-premiums-tsx":{"chunks":[1,0,2,3,30],"assets":["styles.f7674eb60459d90e6b64.css","styles-e9d24b1846c7d6eb9685.js","styles-e9d24b1846c7d6eb9685.js.map","61a55bcb8bb67f4c33f2bbbf0fb7dbd06b98dabb-20ee895a6b9a9039ce98.js","61a55bcb8bb67f4c33f2bbbf0fb7dbd06b98dabb-20ee895a6b9a9039ce98.js.map","056aa1096da788580a4407e0d1d1674e1ba35ef9-87740d770dc22b70a83f.js","056aa1096da788580a4407e0d1d1674e1ba35ef9-87740d770dc22b70a83f.js.map","644b2429bf27f7406b31cb1023499dfc27d00fd5-20757582684167f0f3c0.js","644b2429bf27f7406b31cb1023499dfc27d00fd5-20757582684167f0f3c0.js.map","component---src-pages-inf-easy-select-premiums-tsx-8ba5ce57fc344a61fccd.js","component---src-pages-inf-easy-select-premiums-tsx-8ba5ce57fc344a61fccd.js.map"],"children":{},"childAssets":{}},"component---src-pages-inf-easy-select-tsx":{"chunks":[1,0,2,3,31],"assets":["styles.f7674eb60459d90e6b64.css","styles-e9d24b1846c7d6eb9685.js","styles-e9d24b1846c7d6eb9685.js.map","61a55bcb8bb67f4c33f2bbbf0fb7dbd06b98dabb-20ee895a6b9a9039ce98.js","61a55bcb8bb67f4c33f2bbbf0fb7dbd06b98dabb-20ee895a6b9a9039ce98.js.map","056aa1096da788580a4407e0d1d1674e1ba35ef9-87740d770dc22b70a83f.js","056aa1096da788580a4407e0d1d1674e1ba35ef9-87740d770dc22b70a83f.js.map","644b2429bf27f7406b31cb1023499dfc27d00fd5-20757582684167f0f3c0.js","644b2429bf27f7406b31cb1023499dfc27d00fd5-20757582684167f0f3c0.js.map","component---src-pages-inf-easy-select-tsx-ed6ddf423fdf5a177e06.js","component---src-pages-inf-easy-select-tsx-ed6ddf423fdf5a177e06.js.map"],"children":{},"childAssets":{}},"component---src-pages-members-tsx":{"chunks":[1,0,2,3,32],"assets":["styles.f7674eb60459d90e6b64.css","styles-e9d24b1846c7d6eb9685.js","styles-e9d24b1846c7d6eb9685.js.map","61a55bcb8bb67f4c33f2bbbf0fb7dbd06b98dabb-20ee895a6b9a9039ce98.js","61a55bcb8bb67f4c33f2bbbf0fb7dbd06b98dabb-20ee895a6b9a9039ce98.js.map","056aa1096da788580a4407e0d1d1674e1ba35ef9-87740d770dc22b70a83f.js","056aa1096da788580a4407e0d1d1674e1ba35ef9-87740d770dc22b70a83f.js.map","644b2429bf27f7406b31cb1023499dfc27d00fd5-20757582684167f0f3c0.js","644b2429bf27f7406b31cb1023499dfc27d00fd5-20757582684167f0f3c0.js.map","component---src-pages-members-tsx-f8a1967eca07d9851f3e.js","component---src-pages-members-tsx-f8a1967eca07d9851f3e.js.map"],"children":{},"childAssets":{}},"component---src-pages-plan-id-cards-tsx":{"chunks":[1,0,2,3,33],"assets":["styles.f7674eb60459d90e6b64.css","styles-e9d24b1846c7d6eb9685.js","styles-e9d24b1846c7d6eb9685.js.map","61a55bcb8bb67f4c33f2bbbf0fb7dbd06b98dabb-20ee895a6b9a9039ce98.js","61a55bcb8bb67f4c33f2bbbf0fb7dbd06b98dabb-20ee895a6b9a9039ce98.js.map","056aa1096da788580a4407e0d1d1674e1ba35ef9-87740d770dc22b70a83f.js","056aa1096da788580a4407e0d1d1674e1ba35ef9-87740d770dc22b70a83f.js.map","644b2429bf27f7406b31cb1023499dfc27d00fd5-20757582684167f0f3c0.js","644b2429bf27f7406b31cb1023499dfc27d00fd5-20757582684167f0f3c0.js.map","component---src-pages-plan-id-cards-tsx-352904c04a576a8d0caf.js","component---src-pages-plan-id-cards-tsx-352904c04a576a8d0caf.js.map"],"children":{},"childAssets":{}},"component---src-pages-premier-faq-tsx":{"chunks":[1,0,2,34],"assets":["styles.f7674eb60459d90e6b64.css","styles-e9d24b1846c7d6eb9685.js","styles-e9d24b1846c7d6eb9685.js.map","61a55bcb8bb67f4c33f2bbbf0fb7dbd06b98dabb-20ee895a6b9a9039ce98.js","61a55bcb8bb67f4c33f2bbbf0fb7dbd06b98dabb-20ee895a6b9a9039ce98.js.map","056aa1096da788580a4407e0d1d1674e1ba35ef9-87740d770dc22b70a83f.js","056aa1096da788580a4407e0d1d1674e1ba35ef9-87740d770dc22b70a83f.js.map","component---src-pages-premier-faq-tsx-9fa9aaa770cfb490186f.js","component---src-pages-premier-faq-tsx-9fa9aaa770cfb490186f.js.map"],"children":{},"childAssets":{}},"component---src-pages-premier-tsx":{"chunks":[1,0,2,35],"assets":["styles.f7674eb60459d90e6b64.css","styles-e9d24b1846c7d6eb9685.js","styles-e9d24b1846c7d6eb9685.js.map","61a55bcb8bb67f4c33f2bbbf0fb7dbd06b98dabb-20ee895a6b9a9039ce98.js","61a55bcb8bb67f4c33f2bbbf0fb7dbd06b98dabb-20ee895a6b9a9039ce98.js.map","056aa1096da788580a4407e0d1d1674e1ba35ef9-87740d770dc22b70a83f.js","056aa1096da788580a4407e0d1d1674e1ba35ef9-87740d770dc22b70a83f.js.map","component---src-pages-premier-tsx-1adc032139476f549186.js","component---src-pages-premier-tsx-1adc032139476f549186.js.map"],"children":{},"childAssets":{}},"component---src-pages-privacy-policy-tsx":{"chunks":[1,0,36],"assets":["styles.f7674eb60459d90e6b64.css","styles-e9d24b1846c7d6eb9685.js","styles-e9d24b1846c7d6eb9685.js.map","61a55bcb8bb67f4c33f2bbbf0fb7dbd06b98dabb-20ee895a6b9a9039ce98.js","61a55bcb8bb67f4c33f2bbbf0fb7dbd06b98dabb-20ee895a6b9a9039ce98.js.map","component---src-pages-privacy-policy-tsx-5342c836c589e1a6566b.js","component---src-pages-privacy-policy-tsx-5342c836c589e1a6566b.js.map"],"children":{},"childAssets":{}},"component---src-pages-producers-tsx":{"chunks":[1,0,2,3,37],"assets":["styles.f7674eb60459d90e6b64.css","styles-e9d24b1846c7d6eb9685.js","styles-e9d24b1846c7d6eb9685.js.map","61a55bcb8bb67f4c33f2bbbf0fb7dbd06b98dabb-20ee895a6b9a9039ce98.js","61a55bcb8bb67f4c33f2bbbf0fb7dbd06b98dabb-20ee895a6b9a9039ce98.js.map","056aa1096da788580a4407e0d1d1674e1ba35ef9-87740d770dc22b70a83f.js","056aa1096da788580a4407e0d1d1674e1ba35ef9-87740d770dc22b70a83f.js.map","644b2429bf27f7406b31cb1023499dfc27d00fd5-20757582684167f0f3c0.js","644b2429bf27f7406b31cb1023499dfc27d00fd5-20757582684167f0f3c0.js.map","component---src-pages-producers-tsx-f1cb01eb96634dfe01de.js","component---src-pages-producers-tsx-f1cb01eb96634dfe01de.js.map"],"children":{},"childAssets":{}},"component---src-pages-request-a-quote-tsx":{"chunks":[1,0,2,38],"assets":["styles.f7674eb60459d90e6b64.css","styles-e9d24b1846c7d6eb9685.js","styles-e9d24b1846c7d6eb9685.js.map","61a55bcb8bb67f4c33f2bbbf0fb7dbd06b98dabb-20ee895a6b9a9039ce98.js","61a55bcb8bb67f4c33f2bbbf0fb7dbd06b98dabb-20ee895a6b9a9039ce98.js.map","056aa1096da788580a4407e0d1d1674e1ba35ef9-87740d770dc22b70a83f.js","056aa1096da788580a4407e0d1d1674e1ba35ef9-87740d770dc22b70a83f.js.map","component---src-pages-request-a-quote-tsx-cbf88d979f020bcec379.js","component---src-pages-request-a-quote-tsx-cbf88d979f020bcec379.js.map"],"children":{},"childAssets":{}},"component---src-pages-select-care-plan-tsx":{"chunks":[1,0,2,39],"assets":["styles.f7674eb60459d90e6b64.css","styles-e9d24b1846c7d6eb9685.js","styles-e9d24b1846c7d6eb9685.js.map","61a55bcb8bb67f4c33f2bbbf0fb7dbd06b98dabb-20ee895a6b9a9039ce98.js","61a55bcb8bb67f4c33f2bbbf0fb7dbd06b98dabb-20ee895a6b9a9039ce98.js.map","056aa1096da788580a4407e0d1d1674e1ba35ef9-87740d770dc22b70a83f.js","056aa1096da788580a4407e0d1d1674e1ba35ef9-87740d770dc22b70a83f.js.map","component---src-pages-select-care-plan-tsx-6fdea33c695285c9ccd5.js","component---src-pages-select-care-plan-tsx-6fdea33c695285c9ccd5.js.map"],"children":{},"childAssets":{}},"component---src-pages-standard-faq-tsx":{"chunks":[1,0,2,40],"assets":["styles.f7674eb60459d90e6b64.css","styles-e9d24b1846c7d6eb9685.js","styles-e9d24b1846c7d6eb9685.js.map","61a55bcb8bb67f4c33f2bbbf0fb7dbd06b98dabb-20ee895a6b9a9039ce98.js","61a55bcb8bb67f4c33f2bbbf0fb7dbd06b98dabb-20ee895a6b9a9039ce98.js.map","056aa1096da788580a4407e0d1d1674e1ba35ef9-87740d770dc22b70a83f.js","056aa1096da788580a4407e0d1d1674e1ba35ef9-87740d770dc22b70a83f.js.map","component---src-pages-standard-faq-tsx-59aa7cb212be42450590.js","component---src-pages-standard-faq-tsx-59aa7cb212be42450590.js.map"],"children":{},"childAssets":{}},"component---src-pages-standard-tsx":{"chunks":[1,0,2,41],"assets":["styles.f7674eb60459d90e6b64.css","styles-e9d24b1846c7d6eb9685.js","styles-e9d24b1846c7d6eb9685.js.map","61a55bcb8bb67f4c33f2bbbf0fb7dbd06b98dabb-20ee895a6b9a9039ce98.js","61a55bcb8bb67f4c33f2bbbf0fb7dbd06b98dabb-20ee895a6b9a9039ce98.js.map","056aa1096da788580a4407e0d1d1674e1ba35ef9-87740d770dc22b70a83f.js","056aa1096da788580a4407e0d1d1674e1ba35ef9-87740d770dc22b70a83f.js.map","component---src-pages-standard-tsx-76b8bf35b1e632f78595.js","component---src-pages-standard-tsx-76b8bf35b1e632f78595.js.map"],"children":{},"childAssets":{}},"component---src-pages-telemedicine-visitors-insurance-tsx":{"chunks":[1,0,2,42],"assets":["styles.f7674eb60459d90e6b64.css","styles-e9d24b1846c7d6eb9685.js","styles-e9d24b1846c7d6eb9685.js.map","61a55bcb8bb67f4c33f2bbbf0fb7dbd06b98dabb-20ee895a6b9a9039ce98.js","61a55bcb8bb67f4c33f2bbbf0fb7dbd06b98dabb-20ee895a6b9a9039ce98.js.map","056aa1096da788580a4407e0d1d1674e1ba35ef9-87740d770dc22b70a83f.js","056aa1096da788580a4407e0d1d1674e1ba35ef9-87740d770dc22b70a83f.js.map","component---src-pages-telemedicine-visitors-insurance-tsx-ca0c1d1edf82a048b5c4.js","component---src-pages-telemedicine-visitors-insurance-tsx-ca0c1d1edf82a048b5c4.js.map"],"children":{},"childAssets":{}},"component---src-pages-terms-of-use-tsx":{"chunks":[1,0,43],"assets":["styles.f7674eb60459d90e6b64.css","styles-e9d24b1846c7d6eb9685.js","styles-e9d24b1846c7d6eb9685.js.map","61a55bcb8bb67f4c33f2bbbf0fb7dbd06b98dabb-20ee895a6b9a9039ce98.js","61a55bcb8bb67f4c33f2bbbf0fb7dbd06b98dabb-20ee895a6b9a9039ce98.js.map","component---src-pages-terms-of-use-tsx-5111daf99042dbc26b23.js","component---src-pages-terms-of-use-tsx-5111daf99042dbc26b23.js.map"],"children":{},"childAssets":{}},"component---src-pages-thank-you-for-contacting-us-tsx":{"chunks":[1,0,2,44],"assets":["styles.f7674eb60459d90e6b64.css","styles-e9d24b1846c7d6eb9685.js","styles-e9d24b1846c7d6eb9685.js.map","61a55bcb8bb67f4c33f2bbbf0fb7dbd06b98dabb-20ee895a6b9a9039ce98.js","61a55bcb8bb67f4c33f2bbbf0fb7dbd06b98dabb-20ee895a6b9a9039ce98.js.map","056aa1096da788580a4407e0d1d1674e1ba35ef9-87740d770dc22b70a83f.js","056aa1096da788580a4407e0d1d1674e1ba35ef9-87740d770dc22b70a83f.js.map","component---src-pages-thank-you-for-contacting-us-tsx-4e85cff7a5824514d03f.js","component---src-pages-thank-you-for-contacting-us-tsx-4e85cff7a5824514d03f.js.map"],"children":{},"childAssets":{}},"component---src-pages-thank-you-tsx":{"chunks":[1,0,2,45],"assets":["styles.f7674eb60459d90e6b64.css","styles-e9d24b1846c7d6eb9685.js","styles-e9d24b1846c7d6eb9685.js.map","61a55bcb8bb67f4c33f2bbbf0fb7dbd06b98dabb-20ee895a6b9a9039ce98.js","61a55bcb8bb67f4c33f2bbbf0fb7dbd06b98dabb-20ee895a6b9a9039ce98.js.map","056aa1096da788580a4407e0d1d1674e1ba35ef9-87740d770dc22b70a83f.js","056aa1096da788580a4407e0d1d1674e1ba35ef9-87740d770dc22b70a83f.js.map","component---src-pages-thank-you-tsx-66d706d7f372b64eb041.js","component---src-pages-thank-you-tsx-66d706d7f372b64eb041.js.map"],"children":{},"childAssets":{}},"component---src-pages-travel-insurance-for-visiting-seniors-tsx":{"chunks":[1,0,2,46],"assets":["styles.f7674eb60459d90e6b64.css","styles-e9d24b1846c7d6eb9685.js","styles-e9d24b1846c7d6eb9685.js.map","61a55bcb8bb67f4c33f2bbbf0fb7dbd06b98dabb-20ee895a6b9a9039ce98.js","61a55bcb8bb67f4c33f2bbbf0fb7dbd06b98dabb-20ee895a6b9a9039ce98.js.map","056aa1096da788580a4407e0d1d1674e1ba35ef9-87740d770dc22b70a83f.js","056aa1096da788580a4407e0d1d1674e1ba35ef9-87740d770dc22b70a83f.js.map","component---src-pages-travel-insurance-for-visiting-seniors-tsx-b12613a2e48260560ca6.js","component---src-pages-travel-insurance-for-visiting-seniors-tsx-b12613a2e48260560ca6.js.map"],"children":{},"childAssets":{}},"component---src-pages-traveler-usa-tsx":{"chunks":[1,0,2,47],"assets":["styles.f7674eb60459d90e6b64.css","styles-e9d24b1846c7d6eb9685.js","styles-e9d24b1846c7d6eb9685.js.map","61a55bcb8bb67f4c33f2bbbf0fb7dbd06b98dabb-20ee895a6b9a9039ce98.js","61a55bcb8bb67f4c33f2bbbf0fb7dbd06b98dabb-20ee895a6b9a9039ce98.js.map","056aa1096da788580a4407e0d1d1674e1ba35ef9-87740d770dc22b70a83f.js","056aa1096da788580a4407e0d1d1674e1ba35ef9-87740d770dc22b70a83f.js.map","component---src-pages-traveler-usa-tsx-dfd8f088c6e08b651f3e.js","component---src-pages-traveler-usa-tsx-dfd8f088c6e08b651f3e.js.map"],"children":{},"childAssets":{}},"component---src-pages-trip-shield-tsx":{"chunks":[1,0,2,48],"assets":["styles.f7674eb60459d90e6b64.css","styles-e9d24b1846c7d6eb9685.js","styles-e9d24b1846c7d6eb9685.js.map","61a55bcb8bb67f4c33f2bbbf0fb7dbd06b98dabb-20ee895a6b9a9039ce98.js","61a55bcb8bb67f4c33f2bbbf0fb7dbd06b98dabb-20ee895a6b9a9039ce98.js.map","056aa1096da788580a4407e0d1d1674e1ba35ef9-87740d770dc22b70a83f.js","056aa1096da788580a4407e0d1d1674e1ba35ef9-87740d770dc22b70a83f.js.map","component---src-pages-trip-shield-tsx-a5f0190ecbf09b2141d8.js","component---src-pages-trip-shield-tsx-a5f0190ecbf09b2141d8.js.map"],"children":{},"childAssets":{}},"component---src-pages-visitor-insurance-tips-tsx":{"chunks":[1,0,2,49],"assets":["styles.f7674eb60459d90e6b64.css","styles-e9d24b1846c7d6eb9685.js","styles-e9d24b1846c7d6eb9685.js.map","61a55bcb8bb67f4c33f2bbbf0fb7dbd06b98dabb-20ee895a6b9a9039ce98.js","61a55bcb8bb67f4c33f2bbbf0fb7dbd06b98dabb-20ee895a6b9a9039ce98.js.map","056aa1096da788580a4407e0d1d1674e1ba35ef9-87740d770dc22b70a83f.js","056aa1096da788580a4407e0d1d1674e1ba35ef9-87740d770dc22b70a83f.js.map","component---src-pages-visitor-insurance-tips-tsx-1574dda40eaf15b6efb8.js","component---src-pages-visitor-insurance-tips-tsx-1574dda40eaf15b6efb8.js.map"],"children":{},"childAssets":{}},"component---src-pages-visitors-insurance-faq-tsx":{"chunks":[1,0,2,50],"assets":["styles.f7674eb60459d90e6b64.css","styles-e9d24b1846c7d6eb9685.js","styles-e9d24b1846c7d6eb9685.js.map","61a55bcb8bb67f4c33f2bbbf0fb7dbd06b98dabb-20ee895a6b9a9039ce98.js","61a55bcb8bb67f4c33f2bbbf0fb7dbd06b98dabb-20ee895a6b9a9039ce98.js.map","056aa1096da788580a4407e0d1d1674e1ba35ef9-87740d770dc22b70a83f.js","056aa1096da788580a4407e0d1d1674e1ba35ef9-87740d770dc22b70a83f.js.map","component---src-pages-visitors-insurance-faq-tsx-fac7cdf4b72696235897.js","component---src-pages-visitors-insurance-faq-tsx-fac7cdf4b72696235897.js.map"],"children":{},"childAssets":{}},"component---src-pages-visitors-insurance-plans-tsx":{"chunks":[1,0,2,51],"assets":["styles.f7674eb60459d90e6b64.css","styles-e9d24b1846c7d6eb9685.js","styles-e9d24b1846c7d6eb9685.js.map","61a55bcb8bb67f4c33f2bbbf0fb7dbd06b98dabb-20ee895a6b9a9039ce98.js","61a55bcb8bb67f4c33f2bbbf0fb7dbd06b98dabb-20ee895a6b9a9039ce98.js.map","056aa1096da788580a4407e0d1d1674e1ba35ef9-87740d770dc22b70a83f.js","056aa1096da788580a4407e0d1d1674e1ba35ef9-87740d770dc22b70a83f.js.map","component---src-pages-visitors-insurance-plans-tsx-75f6a01b4bdae662fb29.js","component---src-pages-visitors-insurance-plans-tsx-75f6a01b4bdae662fb29.js.map"],"children":{},"childAssets":{}},"component---src-pages-visitors-insurance-quote-tsx":{"chunks":[1,0,2,52],"assets":["styles.f7674eb60459d90e6b64.css","styles-e9d24b1846c7d6eb9685.js","styles-e9d24b1846c7d6eb9685.js.map","61a55bcb8bb67f4c33f2bbbf0fb7dbd06b98dabb-20ee895a6b9a9039ce98.js","61a55bcb8bb67f4c33f2bbbf0fb7dbd06b98dabb-20ee895a6b9a9039ce98.js.map","056aa1096da788580a4407e0d1d1674e1ba35ef9-87740d770dc22b70a83f.js","056aa1096da788580a4407e0d1d1674e1ba35ef9-87740d770dc22b70a83f.js.map","component---src-pages-visitors-insurance-quote-tsx-6ba1ebcba3be864e512c.js","component---src-pages-visitors-insurance-quote-tsx-6ba1ebcba3be864e512c.js.map"],"children":{},"childAssets":{}},"component---src-pages-why-inf-tsx":{"chunks":[1,0,2,53],"assets":["styles.f7674eb60459d90e6b64.css","styles-e9d24b1846c7d6eb9685.js","styles-e9d24b1846c7d6eb9685.js.map","61a55bcb8bb67f4c33f2bbbf0fb7dbd06b98dabb-20ee895a6b9a9039ce98.js","61a55bcb8bb67f4c33f2bbbf0fb7dbd06b98dabb-20ee895a6b9a9039ce98.js.map","056aa1096da788580a4407e0d1d1674e1ba35ef9-87740d770dc22b70a83f.js","056aa1096da788580a4407e0d1d1674e1ba35ef9-87740d770dc22b70a83f.js.map","component---src-pages-why-inf-tsx-cee13bf7bd69525a28cd.js","component---src-pages-why-inf-tsx-cee13bf7bd69525a28cd.js.map"],"children":{},"childAssets":{}},"component---src-templates-template-tsx":{"chunks":[1,0,54],"assets":["styles.f7674eb60459d90e6b64.css","styles-e9d24b1846c7d6eb9685.js","styles-e9d24b1846c7d6eb9685.js.map","61a55bcb8bb67f4c33f2bbbf0fb7dbd06b98dabb-20ee895a6b9a9039ce98.js","61a55bcb8bb67f4c33f2bbbf0fb7dbd06b98dabb-20ee895a6b9a9039ce98.js.map","component---src-templates-template-tsx-75d3aeae1b4fab675ac7.js","component---src-templates-template-tsx-75d3aeae1b4fab675ac7.js.map"],"children":{},"childAssets":{}}},"assetsByChunkName":{"polyfill":["webpack-runtime-d776193c62db3d4e070c.js","polyfill-fe724ad68a5021e141da.js"],"app":["webpack-runtime-d776193c62db3d4e070c.js","framework-c74b59c982ebd195fbff.js","b637e9a5-fae4b12d5f2329656571.js","app-50963c8e33628afb7d4b.js"],"component---cache-caches-gatsby-plugin-offline-app-shell-js":["component---cache-caches-gatsby-plugin-offline-app-shell-js-d0af0a3dd2ad9425cea2.js"],"component---src-pages-404-tsx":["styles.f7674eb60459d90e6b64.css","styles-e9d24b1846c7d6eb9685.js","61a55bcb8bb67f4c33f2bbbf0fb7dbd06b98dabb-20ee895a6b9a9039ce98.js","056aa1096da788580a4407e0d1d1674e1ba35ef9-87740d770dc22b70a83f.js","component---src-pages-404-tsx-644e1e8de8fc02f2e9b8.js"],"component---src-pages-about-us-tsx":["styles.f7674eb60459d90e6b64.css","styles-e9d24b1846c7d6eb9685.js","61a55bcb8bb67f4c33f2bbbf0fb7dbd06b98dabb-20ee895a6b9a9039ce98.js","056aa1096da788580a4407e0d1d1674e1ba35ef9-87740d770dc22b70a83f.js","component---src-pages-about-us-tsx-337c9088ab109577b22e.js"],"component---src-pages-advantage-plan-tsx":["styles.f7674eb60459d90e6b64.css","styles-e9d24b1846c7d6eb9685.js","61a55bcb8bb67f4c33f2bbbf0fb7dbd06b98dabb-20ee895a6b9a9039ce98.js","056aa1096da788580a4407e0d1d1674e1ba35ef9-87740d770dc22b70a83f.js","component---src-pages-advantage-plan-tsx-15f2b50d6b82bfd37809.js"],"component---src-pages-apply-tsx":["styles.f7674eb60459d90e6b64.css","styles-e9d24b1846c7d6eb9685.js","61a55bcb8bb67f4c33f2bbbf0fb7dbd06b98dabb-20ee895a6b9a9039ce98.js","056aa1096da788580a4407e0d1d1674e1ba35ef9-87740d770dc22b70a83f.js","644b2429bf27f7406b31cb1023499dfc27d00fd5-20757582684167f0f3c0.js","component---src-pages-apply-tsx-cf1b3a45aeff6d2fba28.js"],"component---src-pages-bmi-apply-tsx":["styles.f7674eb60459d90e6b64.css","styles-e9d24b1846c7d6eb9685.js","61a55bcb8bb67f4c33f2bbbf0fb7dbd06b98dabb-20ee895a6b9a9039ce98.js","056aa1096da788580a4407e0d1d1674e1ba35ef9-87740d770dc22b70a83f.js","644b2429bf27f7406b31cb1023499dfc27d00fd5-20757582684167f0f3c0.js","component---src-pages-bmi-apply-tsx-f7325eadffa8a0ffa765.js"],"component---src-pages-bmi-travel-tsx":["styles.f7674eb60459d90e6b64.css","styles-e9d24b1846c7d6eb9685.js","61a55bcb8bb67f4c33f2bbbf0fb7dbd06b98dabb-20ee895a6b9a9039ce98.js","056aa1096da788580a4407e0d1d1674e1ba35ef9-87740d770dc22b70a83f.js","644b2429bf27f7406b31cb1023499dfc27d00fd5-20757582684167f0f3c0.js","component---src-pages-bmi-travel-tsx-1da80b707ca156bc7c53.js"],"component---src-pages-choice-plan-tsx":["styles.f7674eb60459d90e6b64.css","styles-e9d24b1846c7d6eb9685.js","61a55bcb8bb67f4c33f2bbbf0fb7dbd06b98dabb-20ee895a6b9a9039ce98.js","056aa1096da788580a4407e0d1d1674e1ba35ef9-87740d770dc22b70a83f.js","component---src-pages-choice-plan-tsx-5ddd5011c9c528c8e931.js"],"component---src-pages-claims-tsx":["styles.f7674eb60459d90e6b64.css","styles-e9d24b1846c7d6eb9685.js","61a55bcb8bb67f4c33f2bbbf0fb7dbd06b98dabb-20ee895a6b9a9039ce98.js","056aa1096da788580a4407e0d1d1674e1ba35ef9-87740d770dc22b70a83f.js","644b2429bf27f7406b31cb1023499dfc27d00fd5-20757582684167f0f3c0.js","component---src-pages-claims-tsx-5771ec8adc26c2d3d8b4.js"],"component---src-pages-contact-us-tsx":["styles.f7674eb60459d90e6b64.css","styles-e9d24b1846c7d6eb9685.js","61a55bcb8bb67f4c33f2bbbf0fb7dbd06b98dabb-20ee895a6b9a9039ce98.js","056aa1096da788580a4407e0d1d1674e1ba35ef9-87740d770dc22b70a83f.js","component---src-pages-contact-us-tsx-7b49566cd5bf97957114.js"],"component---src-pages-cookies-policy-tsx":["styles.f7674eb60459d90e6b64.css","styles-e9d24b1846c7d6eb9685.js","61a55bcb8bb67f4c33f2bbbf0fb7dbd06b98dabb-20ee895a6b9a9039ce98.js","component---src-pages-cookies-policy-tsx-e13bd3a650d020cbfa1e.js"],"component---src-pages-dental-discounts-from-inf-tsx":["styles.f7674eb60459d90e6b64.css","styles-e9d24b1846c7d6eb9685.js","61a55bcb8bb67f4c33f2bbbf0fb7dbd06b98dabb-20ee895a6b9a9039ce98.js","056aa1096da788580a4407e0d1d1674e1ba35ef9-87740d770dc22b70a83f.js","component---src-pages-dental-discounts-from-inf-tsx-726dac461343cba360df.js"],"component---src-pages-diplomat-america-tsx":["styles.f7674eb60459d90e6b64.css","styles-e9d24b1846c7d6eb9685.js","61a55bcb8bb67f4c33f2bbbf0fb7dbd06b98dabb-20ee895a6b9a9039ce98.js","056aa1096da788580a4407e0d1d1674e1ba35ef9-87740d770dc22b70a83f.js","644b2429bf27f7406b31cb1023499dfc27d00fd5-20757582684167f0f3c0.js","component---src-pages-diplomat-america-tsx-f5877b78a5802a3a5a75.js"],"component---src-pages-diplomat-international-tsx":["styles.f7674eb60459d90e6b64.css","styles-e9d24b1846c7d6eb9685.js","61a55bcb8bb67f4c33f2bbbf0fb7dbd06b98dabb-20ee895a6b9a9039ce98.js","056aa1096da788580a4407e0d1d1674e1ba35ef9-87740d770dc22b70a83f.js","644b2429bf27f7406b31cb1023499dfc27d00fd5-20757582684167f0f3c0.js","component---src-pages-diplomat-international-tsx-887bbdffadf2ccbf0cdf.js"],"component---src-pages-elite-network-faq-tsx":["styles.f7674eb60459d90e6b64.css","styles-e9d24b1846c7d6eb9685.js","61a55bcb8bb67f4c33f2bbbf0fb7dbd06b98dabb-20ee895a6b9a9039ce98.js","056aa1096da788580a4407e0d1d1674e1ba35ef9-87740d770dc22b70a83f.js","component---src-pages-elite-network-faq-tsx-ba6d107eabeeb895ea23.js"],"component---src-pages-elite-network-tsx":["styles.f7674eb60459d90e6b64.css","styles-e9d24b1846c7d6eb9685.js","61a55bcb8bb67f4c33f2bbbf0fb7dbd06b98dabb-20ee895a6b9a9039ce98.js","056aa1096da788580a4407e0d1d1674e1ba35ef9-87740d770dc22b70a83f.js","component---src-pages-elite-network-tsx-4fd07a1a89929833b8c8.js"],"component---src-pages-extend-tsx":["styles.f7674eb60459d90e6b64.css","styles-e9d24b1846c7d6eb9685.js","61a55bcb8bb67f4c33f2bbbf0fb7dbd06b98dabb-20ee895a6b9a9039ce98.js","056aa1096da788580a4407e0d1d1674e1ba35ef9-87740d770dc22b70a83f.js","644b2429bf27f7406b31cb1023499dfc27d00fd5-20757582684167f0f3c0.js","component---src-pages-extend-tsx-781d60591ccc21b03d95.js"],"component---src-pages-eyemed-tsx":["styles.f7674eb60459d90e6b64.css","styles-e9d24b1846c7d6eb9685.js","61a55bcb8bb67f4c33f2bbbf0fb7dbd06b98dabb-20ee895a6b9a9039ce98.js","056aa1096da788580a4407e0d1d1674e1ba35ef9-87740d770dc22b70a83f.js","6f22149499e490f295044dab776d8919ecae7556-73a3270215dfb387e189.js","component---src-pages-eyemed-tsx-ae9209ac7e4853be9a81.js"],"component---src-pages-faq-tsx":["styles.f7674eb60459d90e6b64.css","styles-e9d24b1846c7d6eb9685.js","61a55bcb8bb67f4c33f2bbbf0fb7dbd06b98dabb-20ee895a6b9a9039ce98.js","056aa1096da788580a4407e0d1d1674e1ba35ef9-87740d770dc22b70a83f.js","component---src-pages-faq-tsx-830c10f6894c33f86a04.js"],"component---src-pages-first-health-ppo-tsx":["styles.f7674eb60459d90e6b64.css","styles-e9d24b1846c7d6eb9685.js","61a55bcb8bb67f4c33f2bbbf0fb7dbd06b98dabb-20ee895a6b9a9039ce98.js","056aa1096da788580a4407e0d1d1674e1ba35ef9-87740d770dc22b70a83f.js","component---src-pages-first-health-ppo-tsx-cb7ddaf951fed82429de.js"],"component---src-pages-ihc-stm-tsx":["styles.f7674eb60459d90e6b64.css","styles-e9d24b1846c7d6eb9685.js","61a55bcb8bb67f4c33f2bbbf0fb7dbd06b98dabb-20ee895a6b9a9039ce98.js","056aa1096da788580a4407e0d1d1674e1ba35ef9-87740d770dc22b70a83f.js","component---src-pages-ihc-stm-tsx-256454619f60af18721a.js"],"component---src-pages-index-tsx":["styles.f7674eb60459d90e6b64.css","styles-e9d24b1846c7d6eb9685.js","61a55bcb8bb67f4c33f2bbbf0fb7dbd06b98dabb-20ee895a6b9a9039ce98.js","056aa1096da788580a4407e0d1d1674e1ba35ef9-87740d770dc22b70a83f.js","644b2429bf27f7406b31cb1023499dfc27d00fd5-20757582684167f0f3c0.js","6f22149499e490f295044dab776d8919ecae7556-73a3270215dfb387e189.js","component---src-pages-index-tsx-82b2cf23ecc7d06bd386.js"],"component---src-pages-inf-easy-select-premiums-tsx":["styles.f7674eb60459d90e6b64.css","styles-e9d24b1846c7d6eb9685.js","61a55bcb8bb67f4c33f2bbbf0fb7dbd06b98dabb-20ee895a6b9a9039ce98.js","056aa1096da788580a4407e0d1d1674e1ba35ef9-87740d770dc22b70a83f.js","644b2429bf27f7406b31cb1023499dfc27d00fd5-20757582684167f0f3c0.js","component---src-pages-inf-easy-select-premiums-tsx-8ba5ce57fc344a61fccd.js"],"component---src-pages-inf-easy-select-tsx":["styles.f7674eb60459d90e6b64.css","styles-e9d24b1846c7d6eb9685.js","61a55bcb8bb67f4c33f2bbbf0fb7dbd06b98dabb-20ee895a6b9a9039ce98.js","056aa1096da788580a4407e0d1d1674e1ba35ef9-87740d770dc22b70a83f.js","644b2429bf27f7406b31cb1023499dfc27d00fd5-20757582684167f0f3c0.js","component---src-pages-inf-easy-select-tsx-ed6ddf423fdf5a177e06.js"],"component---src-pages-members-tsx":["styles.f7674eb60459d90e6b64.css","styles-e9d24b1846c7d6eb9685.js","61a55bcb8bb67f4c33f2bbbf0fb7dbd06b98dabb-20ee895a6b9a9039ce98.js","056aa1096da788580a4407e0d1d1674e1ba35ef9-87740d770dc22b70a83f.js","644b2429bf27f7406b31cb1023499dfc27d00fd5-20757582684167f0f3c0.js","component---src-pages-members-tsx-f8a1967eca07d9851f3e.js"],"component---src-pages-plan-id-cards-tsx":["styles.f7674eb60459d90e6b64.css","styles-e9d24b1846c7d6eb9685.js","61a55bcb8bb67f4c33f2bbbf0fb7dbd06b98dabb-20ee895a6b9a9039ce98.js","056aa1096da788580a4407e0d1d1674e1ba35ef9-87740d770dc22b70a83f.js","644b2429bf27f7406b31cb1023499dfc27d00fd5-20757582684167f0f3c0.js","component---src-pages-plan-id-cards-tsx-352904c04a576a8d0caf.js"],"component---src-pages-premier-faq-tsx":["styles.f7674eb60459d90e6b64.css","styles-e9d24b1846c7d6eb9685.js","61a55bcb8bb67f4c33f2bbbf0fb7dbd06b98dabb-20ee895a6b9a9039ce98.js","056aa1096da788580a4407e0d1d1674e1ba35ef9-87740d770dc22b70a83f.js","component---src-pages-premier-faq-tsx-9fa9aaa770cfb490186f.js"],"component---src-pages-premier-tsx":["styles.f7674eb60459d90e6b64.css","styles-e9d24b1846c7d6eb9685.js","61a55bcb8bb67f4c33f2bbbf0fb7dbd06b98dabb-20ee895a6b9a9039ce98.js","056aa1096da788580a4407e0d1d1674e1ba35ef9-87740d770dc22b70a83f.js","component---src-pages-premier-tsx-1adc032139476f549186.js"],"component---src-pages-privacy-policy-tsx":["styles.f7674eb60459d90e6b64.css","styles-e9d24b1846c7d6eb9685.js","61a55bcb8bb67f4c33f2bbbf0fb7dbd06b98dabb-20ee895a6b9a9039ce98.js","component---src-pages-privacy-policy-tsx-5342c836c589e1a6566b.js"],"component---src-pages-producers-tsx":["styles.f7674eb60459d90e6b64.css","styles-e9d24b1846c7d6eb9685.js","61a55bcb8bb67f4c33f2bbbf0fb7dbd06b98dabb-20ee895a6b9a9039ce98.js","056aa1096da788580a4407e0d1d1674e1ba35ef9-87740d770dc22b70a83f.js","644b2429bf27f7406b31cb1023499dfc27d00fd5-20757582684167f0f3c0.js","component---src-pages-producers-tsx-f1cb01eb96634dfe01de.js"],"component---src-pages-request-a-quote-tsx":["styles.f7674eb60459d90e6b64.css","styles-e9d24b1846c7d6eb9685.js","61a55bcb8bb67f4c33f2bbbf0fb7dbd06b98dabb-20ee895a6b9a9039ce98.js","056aa1096da788580a4407e0d1d1674e1ba35ef9-87740d770dc22b70a83f.js","component---src-pages-request-a-quote-tsx-cbf88d979f020bcec379.js"],"component---src-pages-select-care-plan-tsx":["styles.f7674eb60459d90e6b64.css","styles-e9d24b1846c7d6eb9685.js","61a55bcb8bb67f4c33f2bbbf0fb7dbd06b98dabb-20ee895a6b9a9039ce98.js","056aa1096da788580a4407e0d1d1674e1ba35ef9-87740d770dc22b70a83f.js","component---src-pages-select-care-plan-tsx-6fdea33c695285c9ccd5.js"],"component---src-pages-standard-faq-tsx":["styles.f7674eb60459d90e6b64.css","styles-e9d24b1846c7d6eb9685.js","61a55bcb8bb67f4c33f2bbbf0fb7dbd06b98dabb-20ee895a6b9a9039ce98.js","056aa1096da788580a4407e0d1d1674e1ba35ef9-87740d770dc22b70a83f.js","component---src-pages-standard-faq-tsx-59aa7cb212be42450590.js"],"component---src-pages-standard-tsx":["styles.f7674eb60459d90e6b64.css","styles-e9d24b1846c7d6eb9685.js","61a55bcb8bb67f4c33f2bbbf0fb7dbd06b98dabb-20ee895a6b9a9039ce98.js","056aa1096da788580a4407e0d1d1674e1ba35ef9-87740d770dc22b70a83f.js","component---src-pages-standard-tsx-76b8bf35b1e632f78595.js"],"component---src-pages-telemedicine-visitors-insurance-tsx":["styles.f7674eb60459d90e6b64.css","styles-e9d24b1846c7d6eb9685.js","61a55bcb8bb67f4c33f2bbbf0fb7dbd06b98dabb-20ee895a6b9a9039ce98.js","056aa1096da788580a4407e0d1d1674e1ba35ef9-87740d770dc22b70a83f.js","component---src-pages-telemedicine-visitors-insurance-tsx-ca0c1d1edf82a048b5c4.js"],"component---src-pages-terms-of-use-tsx":["styles.f7674eb60459d90e6b64.css","styles-e9d24b1846c7d6eb9685.js","61a55bcb8bb67f4c33f2bbbf0fb7dbd06b98dabb-20ee895a6b9a9039ce98.js","component---src-pages-terms-of-use-tsx-5111daf99042dbc26b23.js"],"component---src-pages-thank-you-for-contacting-us-tsx":["styles.f7674eb60459d90e6b64.css","styles-e9d24b1846c7d6eb9685.js","61a55bcb8bb67f4c33f2bbbf0fb7dbd06b98dabb-20ee895a6b9a9039ce98.js","056aa1096da788580a4407e0d1d1674e1ba35ef9-87740d770dc22b70a83f.js","component---src-pages-thank-you-for-contacting-us-tsx-4e85cff7a5824514d03f.js"],"component---src-pages-thank-you-tsx":["styles.f7674eb60459d90e6b64.css","styles-e9d24b1846c7d6eb9685.js","61a55bcb8bb67f4c33f2bbbf0fb7dbd06b98dabb-20ee895a6b9a9039ce98.js","056aa1096da788580a4407e0d1d1674e1ba35ef9-87740d770dc22b70a83f.js","component---src-pages-thank-you-tsx-66d706d7f372b64eb041.js"],"component---src-pages-travel-insurance-for-visiting-seniors-tsx":["styles.f7674eb60459d90e6b64.css","styles-e9d24b1846c7d6eb9685.js","61a55bcb8bb67f4c33f2bbbf0fb7dbd06b98dabb-20ee895a6b9a9039ce98.js","056aa1096da788580a4407e0d1d1674e1ba35ef9-87740d770dc22b70a83f.js","component---src-pages-travel-insurance-for-visiting-seniors-tsx-b12613a2e48260560ca6.js"],"component---src-pages-traveler-usa-tsx":["styles.f7674eb60459d90e6b64.css","styles-e9d24b1846c7d6eb9685.js","61a55bcb8bb67f4c33f2bbbf0fb7dbd06b98dabb-20ee895a6b9a9039ce98.js","056aa1096da788580a4407e0d1d1674e1ba35ef9-87740d770dc22b70a83f.js","component---src-pages-traveler-usa-tsx-dfd8f088c6e08b651f3e.js"],"component---src-pages-trip-shield-tsx":["styles.f7674eb60459d90e6b64.css","styles-e9d24b1846c7d6eb9685.js","61a55bcb8bb67f4c33f2bbbf0fb7dbd06b98dabb-20ee895a6b9a9039ce98.js","056aa1096da788580a4407e0d1d1674e1ba35ef9-87740d770dc22b70a83f.js","component---src-pages-trip-shield-tsx-a5f0190ecbf09b2141d8.js"],"component---src-pages-visitor-insurance-tips-tsx":["styles.f7674eb60459d90e6b64.css","styles-e9d24b1846c7d6eb9685.js","61a55bcb8bb67f4c33f2bbbf0fb7dbd06b98dabb-20ee895a6b9a9039ce98.js","056aa1096da788580a4407e0d1d1674e1ba35ef9-87740d770dc22b70a83f.js","component---src-pages-visitor-insurance-tips-tsx-1574dda40eaf15b6efb8.js"],"component---src-pages-visitors-insurance-faq-tsx":["styles.f7674eb60459d90e6b64.css","styles-e9d24b1846c7d6eb9685.js","61a55bcb8bb67f4c33f2bbbf0fb7dbd06b98dabb-20ee895a6b9a9039ce98.js","056aa1096da788580a4407e0d1d1674e1ba35ef9-87740d770dc22b70a83f.js","component---src-pages-visitors-insurance-faq-tsx-fac7cdf4b72696235897.js"],"component---src-pages-visitors-insurance-plans-tsx":["styles.f7674eb60459d90e6b64.css","styles-e9d24b1846c7d6eb9685.js","61a55bcb8bb67f4c33f2bbbf0fb7dbd06b98dabb-20ee895a6b9a9039ce98.js","056aa1096da788580a4407e0d1d1674e1ba35ef9-87740d770dc22b70a83f.js","component---src-pages-visitors-insurance-plans-tsx-75f6a01b4bdae662fb29.js"],"component---src-pages-visitors-insurance-quote-tsx":["styles.f7674eb60459d90e6b64.css","styles-e9d24b1846c7d6eb9685.js","61a55bcb8bb67f4c33f2bbbf0fb7dbd06b98dabb-20ee895a6b9a9039ce98.js","056aa1096da788580a4407e0d1d1674e1ba35ef9-87740d770dc22b70a83f.js","component---src-pages-visitors-insurance-quote-tsx-6ba1ebcba3be864e512c.js"],"component---src-pages-why-inf-tsx":["styles.f7674eb60459d90e6b64.css","styles-e9d24b1846c7d6eb9685.js","61a55bcb8bb67f4c33f2bbbf0fb7dbd06b98dabb-20ee895a6b9a9039ce98.js","056aa1096da788580a4407e0d1d1674e1ba35ef9-87740d770dc22b70a83f.js","component---src-pages-why-inf-tsx-cee13bf7bd69525a28cd.js"],"component---src-templates-template-tsx":["styles.f7674eb60459d90e6b64.css","styles-e9d24b1846c7d6eb9685.js","61a55bcb8bb67f4c33f2bbbf0fb7dbd06b98dabb-20ee895a6b9a9039ce98.js","component---src-templates-template-tsx-75d3aeae1b4fab675ac7.js"]}}