{"errors":[],"warnings":[],"namedChunkGroups":{"polyfill":{"chunks":[5,56],"assets":["webpack-runtime-e039c75a5fd1dda768ce.js","webpack-runtime-e039c75a5fd1dda768ce.js.map","polyfill-fe724ad68a5021e141da.js","polyfill-fe724ad68a5021e141da.js.map"],"children":{},"childAssets":{}},"app":{"chunks":[5,55,7,6],"assets":["webpack-runtime-e039c75a5fd1dda768ce.js","webpack-runtime-e039c75a5fd1dda768ce.js.map","framework-c74b59c982ebd195fbff.js","framework-c74b59c982ebd195fbff.js.map","b637e9a5-fae4b12d5f2329656571.js","b637e9a5-fae4b12d5f2329656571.js.map","app-50963c8e33628afb7d4b.js","app-50963c8e33628afb7d4b.js.map"],"children":{},"childAssets":{}},"component---cache-caches-gatsby-plugin-offline-app-shell-js":{"chunks":[8],"assets":["component---cache-caches-gatsby-plugin-offline-app-shell-js-d0af0a3dd2ad9425cea2.js","component---cache-caches-gatsby-plugin-offline-app-shell-js-d0af0a3dd2ad9425cea2.js.map"],"children":{},"childAssets":{}},"component---src-pages-404-tsx":{"chunks":[1,0,2,9],"assets":["styles.d2e007f499fbd0b92490.css","styles-e9d24b1846c7d6eb9685.js","styles-e9d24b1846c7d6eb9685.js.map","61a55bcb8bb67f4c33f2bbbf0fb7dbd06b98dabb-dc9774ec8b7b3207006a.js","61a55bcb8bb67f4c33f2bbbf0fb7dbd06b98dabb-dc9774ec8b7b3207006a.js.map","056aa1096da788580a4407e0d1d1674e1ba35ef9-087b334d04088f5abfa4.js","056aa1096da788580a4407e0d1d1674e1ba35ef9-087b334d04088f5abfa4.js.map","component---src-pages-404-tsx-422609090662c3b3eb5c.js","component---src-pages-404-tsx-422609090662c3b3eb5c.js.map"],"children":{},"childAssets":{}},"component---src-pages-about-us-tsx":{"chunks":[1,0,2,10],"assets":["styles.d2e007f499fbd0b92490.css","styles-e9d24b1846c7d6eb9685.js","styles-e9d24b1846c7d6eb9685.js.map","61a55bcb8bb67f4c33f2bbbf0fb7dbd06b98dabb-dc9774ec8b7b3207006a.js","61a55bcb8bb67f4c33f2bbbf0fb7dbd06b98dabb-dc9774ec8b7b3207006a.js.map","056aa1096da788580a4407e0d1d1674e1ba35ef9-087b334d04088f5abfa4.js","056aa1096da788580a4407e0d1d1674e1ba35ef9-087b334d04088f5abfa4.js.map","component---src-pages-about-us-tsx-142a81864047acf7b015.js","component---src-pages-about-us-tsx-142a81864047acf7b015.js.map"],"children":{},"childAssets":{}},"component---src-pages-advantage-plan-tsx":{"chunks":[1,0,2,11],"assets":["styles.d2e007f499fbd0b92490.css","styles-e9d24b1846c7d6eb9685.js","styles-e9d24b1846c7d6eb9685.js.map","61a55bcb8bb67f4c33f2bbbf0fb7dbd06b98dabb-dc9774ec8b7b3207006a.js","61a55bcb8bb67f4c33f2bbbf0fb7dbd06b98dabb-dc9774ec8b7b3207006a.js.map","056aa1096da788580a4407e0d1d1674e1ba35ef9-087b334d04088f5abfa4.js","056aa1096da788580a4407e0d1d1674e1ba35ef9-087b334d04088f5abfa4.js.map","component---src-pages-advantage-plan-tsx-092385aed86b57b765d8.js","component---src-pages-advantage-plan-tsx-092385aed86b57b765d8.js.map"],"children":{},"childAssets":{}},"component---src-pages-apply-tsx":{"chunks":[1,0,2,3,12],"assets":["styles.d2e007f499fbd0b92490.css","styles-e9d24b1846c7d6eb9685.js","styles-e9d24b1846c7d6eb9685.js.map","61a55bcb8bb67f4c33f2bbbf0fb7dbd06b98dabb-dc9774ec8b7b3207006a.js","61a55bcb8bb67f4c33f2bbbf0fb7dbd06b98dabb-dc9774ec8b7b3207006a.js.map","056aa1096da788580a4407e0d1d1674e1ba35ef9-087b334d04088f5abfa4.js","056aa1096da788580a4407e0d1d1674e1ba35ef9-087b334d04088f5abfa4.js.map","644b2429bf27f7406b31cb1023499dfc27d00fd5-20757582684167f0f3c0.js","644b2429bf27f7406b31cb1023499dfc27d00fd5-20757582684167f0f3c0.js.map","component---src-pages-apply-tsx-2cdac114a84bcb85cc62.js","component---src-pages-apply-tsx-2cdac114a84bcb85cc62.js.map"],"children":{},"childAssets":{}},"component---src-pages-bmi-apply-tsx":{"chunks":[1,0,2,3,13],"assets":["styles.d2e007f499fbd0b92490.css","styles-e9d24b1846c7d6eb9685.js","styles-e9d24b1846c7d6eb9685.js.map","61a55bcb8bb67f4c33f2bbbf0fb7dbd06b98dabb-dc9774ec8b7b3207006a.js","61a55bcb8bb67f4c33f2bbbf0fb7dbd06b98dabb-dc9774ec8b7b3207006a.js.map","056aa1096da788580a4407e0d1d1674e1ba35ef9-087b334d04088f5abfa4.js","056aa1096da788580a4407e0d1d1674e1ba35ef9-087b334d04088f5abfa4.js.map","644b2429bf27f7406b31cb1023499dfc27d00fd5-20757582684167f0f3c0.js","644b2429bf27f7406b31cb1023499dfc27d00fd5-20757582684167f0f3c0.js.map","component---src-pages-bmi-apply-tsx-82632e167391e67f5fc5.js","component---src-pages-bmi-apply-tsx-82632e167391e67f5fc5.js.map"],"children":{},"childAssets":{}},"component---src-pages-bmi-travel-tsx":{"chunks":[1,0,2,3,14],"assets":["styles.d2e007f499fbd0b92490.css","styles-e9d24b1846c7d6eb9685.js","styles-e9d24b1846c7d6eb9685.js.map","61a55bcb8bb67f4c33f2bbbf0fb7dbd06b98dabb-dc9774ec8b7b3207006a.js","61a55bcb8bb67f4c33f2bbbf0fb7dbd06b98dabb-dc9774ec8b7b3207006a.js.map","056aa1096da788580a4407e0d1d1674e1ba35ef9-087b334d04088f5abfa4.js","056aa1096da788580a4407e0d1d1674e1ba35ef9-087b334d04088f5abfa4.js.map","644b2429bf27f7406b31cb1023499dfc27d00fd5-20757582684167f0f3c0.js","644b2429bf27f7406b31cb1023499dfc27d00fd5-20757582684167f0f3c0.js.map","component---src-pages-bmi-travel-tsx-00a3db251009ce3e4c5a.js","component---src-pages-bmi-travel-tsx-00a3db251009ce3e4c5a.js.map"],"children":{},"childAssets":{}},"component---src-pages-choice-plan-tsx":{"chunks":[1,0,2,15],"assets":["styles.d2e007f499fbd0b92490.css","styles-e9d24b1846c7d6eb9685.js","styles-e9d24b1846c7d6eb9685.js.map","61a55bcb8bb67f4c33f2bbbf0fb7dbd06b98dabb-dc9774ec8b7b3207006a.js","61a55bcb8bb67f4c33f2bbbf0fb7dbd06b98dabb-dc9774ec8b7b3207006a.js.map","056aa1096da788580a4407e0d1d1674e1ba35ef9-087b334d04088f5abfa4.js","056aa1096da788580a4407e0d1d1674e1ba35ef9-087b334d04088f5abfa4.js.map","component---src-pages-choice-plan-tsx-62f2a3092932b27a9374.js","component---src-pages-choice-plan-tsx-62f2a3092932b27a9374.js.map"],"children":{},"childAssets":{}},"component---src-pages-claims-tsx":{"chunks":[1,0,2,3,16],"assets":["styles.d2e007f499fbd0b92490.css","styles-e9d24b1846c7d6eb9685.js","styles-e9d24b1846c7d6eb9685.js.map","61a55bcb8bb67f4c33f2bbbf0fb7dbd06b98dabb-dc9774ec8b7b3207006a.js","61a55bcb8bb67f4c33f2bbbf0fb7dbd06b98dabb-dc9774ec8b7b3207006a.js.map","056aa1096da788580a4407e0d1d1674e1ba35ef9-087b334d04088f5abfa4.js","056aa1096da788580a4407e0d1d1674e1ba35ef9-087b334d04088f5abfa4.js.map","644b2429bf27f7406b31cb1023499dfc27d00fd5-20757582684167f0f3c0.js","644b2429bf27f7406b31cb1023499dfc27d00fd5-20757582684167f0f3c0.js.map","component---src-pages-claims-tsx-da3ed79d31e72c74bcec.js","component---src-pages-claims-tsx-da3ed79d31e72c74bcec.js.map"],"children":{},"childAssets":{}},"component---src-pages-contact-us-tsx":{"chunks":[1,0,2,17],"assets":["styles.d2e007f499fbd0b92490.css","styles-e9d24b1846c7d6eb9685.js","styles-e9d24b1846c7d6eb9685.js.map","61a55bcb8bb67f4c33f2bbbf0fb7dbd06b98dabb-dc9774ec8b7b3207006a.js","61a55bcb8bb67f4c33f2bbbf0fb7dbd06b98dabb-dc9774ec8b7b3207006a.js.map","056aa1096da788580a4407e0d1d1674e1ba35ef9-087b334d04088f5abfa4.js","056aa1096da788580a4407e0d1d1674e1ba35ef9-087b334d04088f5abfa4.js.map","component---src-pages-contact-us-tsx-1b8792113e2f1d2ebe98.js","component---src-pages-contact-us-tsx-1b8792113e2f1d2ebe98.js.map"],"children":{},"childAssets":{}},"component---src-pages-cookies-policy-tsx":{"chunks":[1,0,18],"assets":["styles.d2e007f499fbd0b92490.css","styles-e9d24b1846c7d6eb9685.js","styles-e9d24b1846c7d6eb9685.js.map","61a55bcb8bb67f4c33f2bbbf0fb7dbd06b98dabb-dc9774ec8b7b3207006a.js","61a55bcb8bb67f4c33f2bbbf0fb7dbd06b98dabb-dc9774ec8b7b3207006a.js.map","component---src-pages-cookies-policy-tsx-9bff38325a654c49e5a0.js","component---src-pages-cookies-policy-tsx-9bff38325a654c49e5a0.js.map"],"children":{},"childAssets":{}},"component---src-pages-dental-discounts-from-inf-tsx":{"chunks":[1,0,2,19],"assets":["styles.d2e007f499fbd0b92490.css","styles-e9d24b1846c7d6eb9685.js","styles-e9d24b1846c7d6eb9685.js.map","61a55bcb8bb67f4c33f2bbbf0fb7dbd06b98dabb-dc9774ec8b7b3207006a.js","61a55bcb8bb67f4c33f2bbbf0fb7dbd06b98dabb-dc9774ec8b7b3207006a.js.map","056aa1096da788580a4407e0d1d1674e1ba35ef9-087b334d04088f5abfa4.js","056aa1096da788580a4407e0d1d1674e1ba35ef9-087b334d04088f5abfa4.js.map","component---src-pages-dental-discounts-from-inf-tsx-c22db72216469250f125.js","component---src-pages-dental-discounts-from-inf-tsx-c22db72216469250f125.js.map"],"children":{},"childAssets":{}},"component---src-pages-diplomat-america-tsx":{"chunks":[1,0,2,3,20],"assets":["styles.d2e007f499fbd0b92490.css","styles-e9d24b1846c7d6eb9685.js","styles-e9d24b1846c7d6eb9685.js.map","61a55bcb8bb67f4c33f2bbbf0fb7dbd06b98dabb-dc9774ec8b7b3207006a.js","61a55bcb8bb67f4c33f2bbbf0fb7dbd06b98dabb-dc9774ec8b7b3207006a.js.map","056aa1096da788580a4407e0d1d1674e1ba35ef9-087b334d04088f5abfa4.js","056aa1096da788580a4407e0d1d1674e1ba35ef9-087b334d04088f5abfa4.js.map","644b2429bf27f7406b31cb1023499dfc27d00fd5-20757582684167f0f3c0.js","644b2429bf27f7406b31cb1023499dfc27d00fd5-20757582684167f0f3c0.js.map","component---src-pages-diplomat-america-tsx-b5fad828e74cf8b7dd15.js","component---src-pages-diplomat-america-tsx-b5fad828e74cf8b7dd15.js.map"],"children":{},"childAssets":{}},"component---src-pages-diplomat-international-tsx":{"chunks":[1,0,2,3,21],"assets":["styles.d2e007f499fbd0b92490.css","styles-e9d24b1846c7d6eb9685.js","styles-e9d24b1846c7d6eb9685.js.map","61a55bcb8bb67f4c33f2bbbf0fb7dbd06b98dabb-dc9774ec8b7b3207006a.js","61a55bcb8bb67f4c33f2bbbf0fb7dbd06b98dabb-dc9774ec8b7b3207006a.js.map","056aa1096da788580a4407e0d1d1674e1ba35ef9-087b334d04088f5abfa4.js","056aa1096da788580a4407e0d1d1674e1ba35ef9-087b334d04088f5abfa4.js.map","644b2429bf27f7406b31cb1023499dfc27d00fd5-20757582684167f0f3c0.js","644b2429bf27f7406b31cb1023499dfc27d00fd5-20757582684167f0f3c0.js.map","component---src-pages-diplomat-international-tsx-f085adc6b5b1ac934c1f.js","component---src-pages-diplomat-international-tsx-f085adc6b5b1ac934c1f.js.map"],"children":{},"childAssets":{}},"component---src-pages-elite-network-faq-tsx":{"chunks":[1,0,2,22],"assets":["styles.d2e007f499fbd0b92490.css","styles-e9d24b1846c7d6eb9685.js","styles-e9d24b1846c7d6eb9685.js.map","61a55bcb8bb67f4c33f2bbbf0fb7dbd06b98dabb-dc9774ec8b7b3207006a.js","61a55bcb8bb67f4c33f2bbbf0fb7dbd06b98dabb-dc9774ec8b7b3207006a.js.map","056aa1096da788580a4407e0d1d1674e1ba35ef9-087b334d04088f5abfa4.js","056aa1096da788580a4407e0d1d1674e1ba35ef9-087b334d04088f5abfa4.js.map","component---src-pages-elite-network-faq-tsx-313733426e35a8a3dfbb.js","component---src-pages-elite-network-faq-tsx-313733426e35a8a3dfbb.js.map"],"children":{},"childAssets":{}},"component---src-pages-elite-network-tsx":{"chunks":[1,0,2,23],"assets":["styles.d2e007f499fbd0b92490.css","styles-e9d24b1846c7d6eb9685.js","styles-e9d24b1846c7d6eb9685.js.map","61a55bcb8bb67f4c33f2bbbf0fb7dbd06b98dabb-dc9774ec8b7b3207006a.js","61a55bcb8bb67f4c33f2bbbf0fb7dbd06b98dabb-dc9774ec8b7b3207006a.js.map","056aa1096da788580a4407e0d1d1674e1ba35ef9-087b334d04088f5abfa4.js","056aa1096da788580a4407e0d1d1674e1ba35ef9-087b334d04088f5abfa4.js.map","component---src-pages-elite-network-tsx-9158505537e1d8e73b0e.js","component---src-pages-elite-network-tsx-9158505537e1d8e73b0e.js.map"],"children":{},"childAssets":{}},"component---src-pages-extend-tsx":{"chunks":[1,0,2,3,24],"assets":["styles.d2e007f499fbd0b92490.css","styles-e9d24b1846c7d6eb9685.js","styles-e9d24b1846c7d6eb9685.js.map","61a55bcb8bb67f4c33f2bbbf0fb7dbd06b98dabb-dc9774ec8b7b3207006a.js","61a55bcb8bb67f4c33f2bbbf0fb7dbd06b98dabb-dc9774ec8b7b3207006a.js.map","056aa1096da788580a4407e0d1d1674e1ba35ef9-087b334d04088f5abfa4.js","056aa1096da788580a4407e0d1d1674e1ba35ef9-087b334d04088f5abfa4.js.map","644b2429bf27f7406b31cb1023499dfc27d00fd5-20757582684167f0f3c0.js","644b2429bf27f7406b31cb1023499dfc27d00fd5-20757582684167f0f3c0.js.map","component---src-pages-extend-tsx-2253109928c7ed21c4e3.js","component---src-pages-extend-tsx-2253109928c7ed21c4e3.js.map"],"children":{},"childAssets":{}},"component---src-pages-eyemed-tsx":{"chunks":[1,0,2,4,25],"assets":["styles.d2e007f499fbd0b92490.css","styles-e9d24b1846c7d6eb9685.js","styles-e9d24b1846c7d6eb9685.js.map","61a55bcb8bb67f4c33f2bbbf0fb7dbd06b98dabb-dc9774ec8b7b3207006a.js","61a55bcb8bb67f4c33f2bbbf0fb7dbd06b98dabb-dc9774ec8b7b3207006a.js.map","056aa1096da788580a4407e0d1d1674e1ba35ef9-087b334d04088f5abfa4.js","056aa1096da788580a4407e0d1d1674e1ba35ef9-087b334d04088f5abfa4.js.map","6f22149499e490f295044dab776d8919ecae7556-73a3270215dfb387e189.js","6f22149499e490f295044dab776d8919ecae7556-73a3270215dfb387e189.js.map","component---src-pages-eyemed-tsx-8c44d36b00baa0177b68.js","component---src-pages-eyemed-tsx-8c44d36b00baa0177b68.js.map"],"children":{},"childAssets":{}},"component---src-pages-faq-tsx":{"chunks":[1,0,2,26],"assets":["styles.d2e007f499fbd0b92490.css","styles-e9d24b1846c7d6eb9685.js","styles-e9d24b1846c7d6eb9685.js.map","61a55bcb8bb67f4c33f2bbbf0fb7dbd06b98dabb-dc9774ec8b7b3207006a.js","61a55bcb8bb67f4c33f2bbbf0fb7dbd06b98dabb-dc9774ec8b7b3207006a.js.map","056aa1096da788580a4407e0d1d1674e1ba35ef9-087b334d04088f5abfa4.js","056aa1096da788580a4407e0d1d1674e1ba35ef9-087b334d04088f5abfa4.js.map","component---src-pages-faq-tsx-830c10f6894c33f86a04.js","component---src-pages-faq-tsx-830c10f6894c33f86a04.js.map"],"children":{},"childAssets":{}},"component---src-pages-first-health-ppo-tsx":{"chunks":[1,0,2,27],"assets":["styles.d2e007f499fbd0b92490.css","styles-e9d24b1846c7d6eb9685.js","styles-e9d24b1846c7d6eb9685.js.map","61a55bcb8bb67f4c33f2bbbf0fb7dbd06b98dabb-dc9774ec8b7b3207006a.js","61a55bcb8bb67f4c33f2bbbf0fb7dbd06b98dabb-dc9774ec8b7b3207006a.js.map","056aa1096da788580a4407e0d1d1674e1ba35ef9-087b334d04088f5abfa4.js","056aa1096da788580a4407e0d1d1674e1ba35ef9-087b334d04088f5abfa4.js.map","component---src-pages-first-health-ppo-tsx-cb7ddaf951fed82429de.js","component---src-pages-first-health-ppo-tsx-cb7ddaf951fed82429de.js.map"],"children":{},"childAssets":{}},"component---src-pages-ihc-stm-tsx":{"chunks":[1,0,2,28],"assets":["styles.d2e007f499fbd0b92490.css","styles-e9d24b1846c7d6eb9685.js","styles-e9d24b1846c7d6eb9685.js.map","61a55bcb8bb67f4c33f2bbbf0fb7dbd06b98dabb-dc9774ec8b7b3207006a.js","61a55bcb8bb67f4c33f2bbbf0fb7dbd06b98dabb-dc9774ec8b7b3207006a.js.map","056aa1096da788580a4407e0d1d1674e1ba35ef9-087b334d04088f5abfa4.js","056aa1096da788580a4407e0d1d1674e1ba35ef9-087b334d04088f5abfa4.js.map","component---src-pages-ihc-stm-tsx-256454619f60af18721a.js","component---src-pages-ihc-stm-tsx-256454619f60af18721a.js.map"],"children":{},"childAssets":{}},"component---src-pages-index-tsx":{"chunks":[1,0,2,3,4,29],"assets":["styles.d2e007f499fbd0b92490.css","styles-e9d24b1846c7d6eb9685.js","styles-e9d24b1846c7d6eb9685.js.map","61a55bcb8bb67f4c33f2bbbf0fb7dbd06b98dabb-dc9774ec8b7b3207006a.js","61a55bcb8bb67f4c33f2bbbf0fb7dbd06b98dabb-dc9774ec8b7b3207006a.js.map","056aa1096da788580a4407e0d1d1674e1ba35ef9-087b334d04088f5abfa4.js","056aa1096da788580a4407e0d1d1674e1ba35ef9-087b334d04088f5abfa4.js.map","644b2429bf27f7406b31cb1023499dfc27d00fd5-20757582684167f0f3c0.js","644b2429bf27f7406b31cb1023499dfc27d00fd5-20757582684167f0f3c0.js.map","6f22149499e490f295044dab776d8919ecae7556-73a3270215dfb387e189.js","6f22149499e490f295044dab776d8919ecae7556-73a3270215dfb387e189.js.map","component---src-pages-index-tsx-ddf12f24116ac7216a5b.js","component---src-pages-index-tsx-ddf12f24116ac7216a5b.js.map"],"children":{},"childAssets":{}},"component---src-pages-inf-easy-select-premiums-tsx":{"chunks":[1,0,2,3,30],"assets":["styles.d2e007f499fbd0b92490.css","styles-e9d24b1846c7d6eb9685.js","styles-e9d24b1846c7d6eb9685.js.map","61a55bcb8bb67f4c33f2bbbf0fb7dbd06b98dabb-dc9774ec8b7b3207006a.js","61a55bcb8bb67f4c33f2bbbf0fb7dbd06b98dabb-dc9774ec8b7b3207006a.js.map","056aa1096da788580a4407e0d1d1674e1ba35ef9-087b334d04088f5abfa4.js","056aa1096da788580a4407e0d1d1674e1ba35ef9-087b334d04088f5abfa4.js.map","644b2429bf27f7406b31cb1023499dfc27d00fd5-20757582684167f0f3c0.js","644b2429bf27f7406b31cb1023499dfc27d00fd5-20757582684167f0f3c0.js.map","component---src-pages-inf-easy-select-premiums-tsx-dcd33469f5c50acbaa02.js","component---src-pages-inf-easy-select-premiums-tsx-dcd33469f5c50acbaa02.js.map"],"children":{},"childAssets":{}},"component---src-pages-inf-easy-select-tsx":{"chunks":[1,0,2,3,31],"assets":["styles.d2e007f499fbd0b92490.css","styles-e9d24b1846c7d6eb9685.js","styles-e9d24b1846c7d6eb9685.js.map","61a55bcb8bb67f4c33f2bbbf0fb7dbd06b98dabb-dc9774ec8b7b3207006a.js","61a55bcb8bb67f4c33f2bbbf0fb7dbd06b98dabb-dc9774ec8b7b3207006a.js.map","056aa1096da788580a4407e0d1d1674e1ba35ef9-087b334d04088f5abfa4.js","056aa1096da788580a4407e0d1d1674e1ba35ef9-087b334d04088f5abfa4.js.map","644b2429bf27f7406b31cb1023499dfc27d00fd5-20757582684167f0f3c0.js","644b2429bf27f7406b31cb1023499dfc27d00fd5-20757582684167f0f3c0.js.map","component---src-pages-inf-easy-select-tsx-7c45fa5a496c7e8112ad.js","component---src-pages-inf-easy-select-tsx-7c45fa5a496c7e8112ad.js.map"],"children":{},"childAssets":{}},"component---src-pages-members-tsx":{"chunks":[1,0,2,3,32],"assets":["styles.d2e007f499fbd0b92490.css","styles-e9d24b1846c7d6eb9685.js","styles-e9d24b1846c7d6eb9685.js.map","61a55bcb8bb67f4c33f2bbbf0fb7dbd06b98dabb-dc9774ec8b7b3207006a.js","61a55bcb8bb67f4c33f2bbbf0fb7dbd06b98dabb-dc9774ec8b7b3207006a.js.map","056aa1096da788580a4407e0d1d1674e1ba35ef9-087b334d04088f5abfa4.js","056aa1096da788580a4407e0d1d1674e1ba35ef9-087b334d04088f5abfa4.js.map","644b2429bf27f7406b31cb1023499dfc27d00fd5-20757582684167f0f3c0.js","644b2429bf27f7406b31cb1023499dfc27d00fd5-20757582684167f0f3c0.js.map","component---src-pages-members-tsx-6ae60f45d62b008bce11.js","component---src-pages-members-tsx-6ae60f45d62b008bce11.js.map"],"children":{},"childAssets":{}},"component---src-pages-plan-id-cards-tsx":{"chunks":[1,0,2,3,33],"assets":["styles.d2e007f499fbd0b92490.css","styles-e9d24b1846c7d6eb9685.js","styles-e9d24b1846c7d6eb9685.js.map","61a55bcb8bb67f4c33f2bbbf0fb7dbd06b98dabb-dc9774ec8b7b3207006a.js","61a55bcb8bb67f4c33f2bbbf0fb7dbd06b98dabb-dc9774ec8b7b3207006a.js.map","056aa1096da788580a4407e0d1d1674e1ba35ef9-087b334d04088f5abfa4.js","056aa1096da788580a4407e0d1d1674e1ba35ef9-087b334d04088f5abfa4.js.map","644b2429bf27f7406b31cb1023499dfc27d00fd5-20757582684167f0f3c0.js","644b2429bf27f7406b31cb1023499dfc27d00fd5-20757582684167f0f3c0.js.map","component---src-pages-plan-id-cards-tsx-5aab929e2e4e337a58d3.js","component---src-pages-plan-id-cards-tsx-5aab929e2e4e337a58d3.js.map"],"children":{},"childAssets":{}},"component---src-pages-premier-faq-tsx":{"chunks":[1,0,2,34],"assets":["styles.d2e007f499fbd0b92490.css","styles-e9d24b1846c7d6eb9685.js","styles-e9d24b1846c7d6eb9685.js.map","61a55bcb8bb67f4c33f2bbbf0fb7dbd06b98dabb-dc9774ec8b7b3207006a.js","61a55bcb8bb67f4c33f2bbbf0fb7dbd06b98dabb-dc9774ec8b7b3207006a.js.map","056aa1096da788580a4407e0d1d1674e1ba35ef9-087b334d04088f5abfa4.js","056aa1096da788580a4407e0d1d1674e1ba35ef9-087b334d04088f5abfa4.js.map","component---src-pages-premier-faq-tsx-9fa9aaa770cfb490186f.js","component---src-pages-premier-faq-tsx-9fa9aaa770cfb490186f.js.map"],"children":{},"childAssets":{}},"component---src-pages-premier-tsx":{"chunks":[1,0,2,35],"assets":["styles.d2e007f499fbd0b92490.css","styles-e9d24b1846c7d6eb9685.js","styles-e9d24b1846c7d6eb9685.js.map","61a55bcb8bb67f4c33f2bbbf0fb7dbd06b98dabb-dc9774ec8b7b3207006a.js","61a55bcb8bb67f4c33f2bbbf0fb7dbd06b98dabb-dc9774ec8b7b3207006a.js.map","056aa1096da788580a4407e0d1d1674e1ba35ef9-087b334d04088f5abfa4.js","056aa1096da788580a4407e0d1d1674e1ba35ef9-087b334d04088f5abfa4.js.map","component---src-pages-premier-tsx-1adc032139476f549186.js","component---src-pages-premier-tsx-1adc032139476f549186.js.map"],"children":{},"childAssets":{}},"component---src-pages-privacy-policy-tsx":{"chunks":[1,0,36],"assets":["styles.d2e007f499fbd0b92490.css","styles-e9d24b1846c7d6eb9685.js","styles-e9d24b1846c7d6eb9685.js.map","61a55bcb8bb67f4c33f2bbbf0fb7dbd06b98dabb-dc9774ec8b7b3207006a.js","61a55bcb8bb67f4c33f2bbbf0fb7dbd06b98dabb-dc9774ec8b7b3207006a.js.map","component---src-pages-privacy-policy-tsx-5342c836c589e1a6566b.js","component---src-pages-privacy-policy-tsx-5342c836c589e1a6566b.js.map"],"children":{},"childAssets":{}},"component---src-pages-producers-tsx":{"chunks":[1,0,2,3,37],"assets":["styles.d2e007f499fbd0b92490.css","styles-e9d24b1846c7d6eb9685.js","styles-e9d24b1846c7d6eb9685.js.map","61a55bcb8bb67f4c33f2bbbf0fb7dbd06b98dabb-dc9774ec8b7b3207006a.js","61a55bcb8bb67f4c33f2bbbf0fb7dbd06b98dabb-dc9774ec8b7b3207006a.js.map","056aa1096da788580a4407e0d1d1674e1ba35ef9-087b334d04088f5abfa4.js","056aa1096da788580a4407e0d1d1674e1ba35ef9-087b334d04088f5abfa4.js.map","644b2429bf27f7406b31cb1023499dfc27d00fd5-20757582684167f0f3c0.js","644b2429bf27f7406b31cb1023499dfc27d00fd5-20757582684167f0f3c0.js.map","component---src-pages-producers-tsx-d88c5981ae4836821452.js","component---src-pages-producers-tsx-d88c5981ae4836821452.js.map"],"children":{},"childAssets":{}},"component---src-pages-request-a-quote-tsx":{"chunks":[1,0,2,38],"assets":["styles.d2e007f499fbd0b92490.css","styles-e9d24b1846c7d6eb9685.js","styles-e9d24b1846c7d6eb9685.js.map","61a55bcb8bb67f4c33f2bbbf0fb7dbd06b98dabb-dc9774ec8b7b3207006a.js","61a55bcb8bb67f4c33f2bbbf0fb7dbd06b98dabb-dc9774ec8b7b3207006a.js.map","056aa1096da788580a4407e0d1d1674e1ba35ef9-087b334d04088f5abfa4.js","056aa1096da788580a4407e0d1d1674e1ba35ef9-087b334d04088f5abfa4.js.map","component---src-pages-request-a-quote-tsx-cbf88d979f020bcec379.js","component---src-pages-request-a-quote-tsx-cbf88d979f020bcec379.js.map"],"children":{},"childAssets":{}},"component---src-pages-select-care-plan-tsx":{"chunks":[1,0,2,39],"assets":["styles.d2e007f499fbd0b92490.css","styles-e9d24b1846c7d6eb9685.js","styles-e9d24b1846c7d6eb9685.js.map","61a55bcb8bb67f4c33f2bbbf0fb7dbd06b98dabb-dc9774ec8b7b3207006a.js","61a55bcb8bb67f4c33f2bbbf0fb7dbd06b98dabb-dc9774ec8b7b3207006a.js.map","056aa1096da788580a4407e0d1d1674e1ba35ef9-087b334d04088f5abfa4.js","056aa1096da788580a4407e0d1d1674e1ba35ef9-087b334d04088f5abfa4.js.map","component---src-pages-select-care-plan-tsx-6fdea33c695285c9ccd5.js","component---src-pages-select-care-plan-tsx-6fdea33c695285c9ccd5.js.map"],"children":{},"childAssets":{}},"component---src-pages-standard-faq-tsx":{"chunks":[1,0,2,40],"assets":["styles.d2e007f499fbd0b92490.css","styles-e9d24b1846c7d6eb9685.js","styles-e9d24b1846c7d6eb9685.js.map","61a55bcb8bb67f4c33f2bbbf0fb7dbd06b98dabb-dc9774ec8b7b3207006a.js","61a55bcb8bb67f4c33f2bbbf0fb7dbd06b98dabb-dc9774ec8b7b3207006a.js.map","056aa1096da788580a4407e0d1d1674e1ba35ef9-087b334d04088f5abfa4.js","056aa1096da788580a4407e0d1d1674e1ba35ef9-087b334d04088f5abfa4.js.map","component---src-pages-standard-faq-tsx-59aa7cb212be42450590.js","component---src-pages-standard-faq-tsx-59aa7cb212be42450590.js.map"],"children":{},"childAssets":{}},"component---src-pages-standard-tsx":{"chunks":[1,0,2,41],"assets":["styles.d2e007f499fbd0b92490.css","styles-e9d24b1846c7d6eb9685.js","styles-e9d24b1846c7d6eb9685.js.map","61a55bcb8bb67f4c33f2bbbf0fb7dbd06b98dabb-dc9774ec8b7b3207006a.js","61a55bcb8bb67f4c33f2bbbf0fb7dbd06b98dabb-dc9774ec8b7b3207006a.js.map","056aa1096da788580a4407e0d1d1674e1ba35ef9-087b334d04088f5abfa4.js","056aa1096da788580a4407e0d1d1674e1ba35ef9-087b334d04088f5abfa4.js.map","component---src-pages-standard-tsx-a7d761d3aed5a896cf21.js","component---src-pages-standard-tsx-a7d761d3aed5a896cf21.js.map"],"children":{},"childAssets":{}},"component---src-pages-telemedicine-visitors-insurance-tsx":{"chunks":[1,0,2,42],"assets":["styles.d2e007f499fbd0b92490.css","styles-e9d24b1846c7d6eb9685.js","styles-e9d24b1846c7d6eb9685.js.map","61a55bcb8bb67f4c33f2bbbf0fb7dbd06b98dabb-dc9774ec8b7b3207006a.js","61a55bcb8bb67f4c33f2bbbf0fb7dbd06b98dabb-dc9774ec8b7b3207006a.js.map","056aa1096da788580a4407e0d1d1674e1ba35ef9-087b334d04088f5abfa4.js","056aa1096da788580a4407e0d1d1674e1ba35ef9-087b334d04088f5abfa4.js.map","component---src-pages-telemedicine-visitors-insurance-tsx-ca0c1d1edf82a048b5c4.js","component---src-pages-telemedicine-visitors-insurance-tsx-ca0c1d1edf82a048b5c4.js.map"],"children":{},"childAssets":{}},"component---src-pages-terms-of-use-tsx":{"chunks":[1,0,43],"assets":["styles.d2e007f499fbd0b92490.css","styles-e9d24b1846c7d6eb9685.js","styles-e9d24b1846c7d6eb9685.js.map","61a55bcb8bb67f4c33f2bbbf0fb7dbd06b98dabb-dc9774ec8b7b3207006a.js","61a55bcb8bb67f4c33f2bbbf0fb7dbd06b98dabb-dc9774ec8b7b3207006a.js.map","component---src-pages-terms-of-use-tsx-2fa7b188e5034842a2fd.js","component---src-pages-terms-of-use-tsx-2fa7b188e5034842a2fd.js.map"],"children":{},"childAssets":{}},"component---src-pages-thank-you-for-contacting-us-tsx":{"chunks":[1,0,2,44],"assets":["styles.d2e007f499fbd0b92490.css","styles-e9d24b1846c7d6eb9685.js","styles-e9d24b1846c7d6eb9685.js.map","61a55bcb8bb67f4c33f2bbbf0fb7dbd06b98dabb-dc9774ec8b7b3207006a.js","61a55bcb8bb67f4c33f2bbbf0fb7dbd06b98dabb-dc9774ec8b7b3207006a.js.map","056aa1096da788580a4407e0d1d1674e1ba35ef9-087b334d04088f5abfa4.js","056aa1096da788580a4407e0d1d1674e1ba35ef9-087b334d04088f5abfa4.js.map","component---src-pages-thank-you-for-contacting-us-tsx-4e85cff7a5824514d03f.js","component---src-pages-thank-you-for-contacting-us-tsx-4e85cff7a5824514d03f.js.map"],"children":{},"childAssets":{}},"component---src-pages-thank-you-tsx":{"chunks":[1,0,2,45],"assets":["styles.d2e007f499fbd0b92490.css","styles-e9d24b1846c7d6eb9685.js","styles-e9d24b1846c7d6eb9685.js.map","61a55bcb8bb67f4c33f2bbbf0fb7dbd06b98dabb-dc9774ec8b7b3207006a.js","61a55bcb8bb67f4c33f2bbbf0fb7dbd06b98dabb-dc9774ec8b7b3207006a.js.map","056aa1096da788580a4407e0d1d1674e1ba35ef9-087b334d04088f5abfa4.js","056aa1096da788580a4407e0d1d1674e1ba35ef9-087b334d04088f5abfa4.js.map","component---src-pages-thank-you-tsx-66d706d7f372b64eb041.js","component---src-pages-thank-you-tsx-66d706d7f372b64eb041.js.map"],"children":{},"childAssets":{}},"component---src-pages-travel-insurance-for-visiting-seniors-tsx":{"chunks":[1,0,2,46],"assets":["styles.d2e007f499fbd0b92490.css","styles-e9d24b1846c7d6eb9685.js","styles-e9d24b1846c7d6eb9685.js.map","61a55bcb8bb67f4c33f2bbbf0fb7dbd06b98dabb-dc9774ec8b7b3207006a.js","61a55bcb8bb67f4c33f2bbbf0fb7dbd06b98dabb-dc9774ec8b7b3207006a.js.map","056aa1096da788580a4407e0d1d1674e1ba35ef9-087b334d04088f5abfa4.js","056aa1096da788580a4407e0d1d1674e1ba35ef9-087b334d04088f5abfa4.js.map","component---src-pages-travel-insurance-for-visiting-seniors-tsx-b12613a2e48260560ca6.js","component---src-pages-travel-insurance-for-visiting-seniors-tsx-b12613a2e48260560ca6.js.map"],"children":{},"childAssets":{}},"component---src-pages-traveler-usa-tsx":{"chunks":[1,0,2,47],"assets":["styles.d2e007f499fbd0b92490.css","styles-e9d24b1846c7d6eb9685.js","styles-e9d24b1846c7d6eb9685.js.map","61a55bcb8bb67f4c33f2bbbf0fb7dbd06b98dabb-dc9774ec8b7b3207006a.js","61a55bcb8bb67f4c33f2bbbf0fb7dbd06b98dabb-dc9774ec8b7b3207006a.js.map","056aa1096da788580a4407e0d1d1674e1ba35ef9-087b334d04088f5abfa4.js","056aa1096da788580a4407e0d1d1674e1ba35ef9-087b334d04088f5abfa4.js.map","component---src-pages-traveler-usa-tsx-dfd8f088c6e08b651f3e.js","component---src-pages-traveler-usa-tsx-dfd8f088c6e08b651f3e.js.map"],"children":{},"childAssets":{}},"component---src-pages-trip-shield-tsx":{"chunks":[1,0,2,48],"assets":["styles.d2e007f499fbd0b92490.css","styles-e9d24b1846c7d6eb9685.js","styles-e9d24b1846c7d6eb9685.js.map","61a55bcb8bb67f4c33f2bbbf0fb7dbd06b98dabb-dc9774ec8b7b3207006a.js","61a55bcb8bb67f4c33f2bbbf0fb7dbd06b98dabb-dc9774ec8b7b3207006a.js.map","056aa1096da788580a4407e0d1d1674e1ba35ef9-087b334d04088f5abfa4.js","056aa1096da788580a4407e0d1d1674e1ba35ef9-087b334d04088f5abfa4.js.map","component---src-pages-trip-shield-tsx-a5f0190ecbf09b2141d8.js","component---src-pages-trip-shield-tsx-a5f0190ecbf09b2141d8.js.map"],"children":{},"childAssets":{}},"component---src-pages-visitor-insurance-tips-tsx":{"chunks":[1,0,2,49],"assets":["styles.d2e007f499fbd0b92490.css","styles-e9d24b1846c7d6eb9685.js","styles-e9d24b1846c7d6eb9685.js.map","61a55bcb8bb67f4c33f2bbbf0fb7dbd06b98dabb-dc9774ec8b7b3207006a.js","61a55bcb8bb67f4c33f2bbbf0fb7dbd06b98dabb-dc9774ec8b7b3207006a.js.map","056aa1096da788580a4407e0d1d1674e1ba35ef9-087b334d04088f5abfa4.js","056aa1096da788580a4407e0d1d1674e1ba35ef9-087b334d04088f5abfa4.js.map","component---src-pages-visitor-insurance-tips-tsx-1574dda40eaf15b6efb8.js","component---src-pages-visitor-insurance-tips-tsx-1574dda40eaf15b6efb8.js.map"],"children":{},"childAssets":{}},"component---src-pages-visitors-insurance-faq-tsx":{"chunks":[1,0,2,50],"assets":["styles.d2e007f499fbd0b92490.css","styles-e9d24b1846c7d6eb9685.js","styles-e9d24b1846c7d6eb9685.js.map","61a55bcb8bb67f4c33f2bbbf0fb7dbd06b98dabb-dc9774ec8b7b3207006a.js","61a55bcb8bb67f4c33f2bbbf0fb7dbd06b98dabb-dc9774ec8b7b3207006a.js.map","056aa1096da788580a4407e0d1d1674e1ba35ef9-087b334d04088f5abfa4.js","056aa1096da788580a4407e0d1d1674e1ba35ef9-087b334d04088f5abfa4.js.map","component---src-pages-visitors-insurance-faq-tsx-fac7cdf4b72696235897.js","component---src-pages-visitors-insurance-faq-tsx-fac7cdf4b72696235897.js.map"],"children":{},"childAssets":{}},"component---src-pages-visitors-insurance-plans-tsx":{"chunks":[1,0,2,51],"assets":["styles.d2e007f499fbd0b92490.css","styles-e9d24b1846c7d6eb9685.js","styles-e9d24b1846c7d6eb9685.js.map","61a55bcb8bb67f4c33f2bbbf0fb7dbd06b98dabb-dc9774ec8b7b3207006a.js","61a55bcb8bb67f4c33f2bbbf0fb7dbd06b98dabb-dc9774ec8b7b3207006a.js.map","056aa1096da788580a4407e0d1d1674e1ba35ef9-087b334d04088f5abfa4.js","056aa1096da788580a4407e0d1d1674e1ba35ef9-087b334d04088f5abfa4.js.map","component---src-pages-visitors-insurance-plans-tsx-75f6a01b4bdae662fb29.js","component---src-pages-visitors-insurance-plans-tsx-75f6a01b4bdae662fb29.js.map"],"children":{},"childAssets":{}},"component---src-pages-visitors-insurance-quote-tsx":{"chunks":[1,0,2,52],"assets":["styles.d2e007f499fbd0b92490.css","styles-e9d24b1846c7d6eb9685.js","styles-e9d24b1846c7d6eb9685.js.map","61a55bcb8bb67f4c33f2bbbf0fb7dbd06b98dabb-dc9774ec8b7b3207006a.js","61a55bcb8bb67f4c33f2bbbf0fb7dbd06b98dabb-dc9774ec8b7b3207006a.js.map","056aa1096da788580a4407e0d1d1674e1ba35ef9-087b334d04088f5abfa4.js","056aa1096da788580a4407e0d1d1674e1ba35ef9-087b334d04088f5abfa4.js.map","component---src-pages-visitors-insurance-quote-tsx-6ba1ebcba3be864e512c.js","component---src-pages-visitors-insurance-quote-tsx-6ba1ebcba3be864e512c.js.map"],"children":{},"childAssets":{}},"component---src-pages-why-inf-tsx":{"chunks":[1,0,2,53],"assets":["styles.d2e007f499fbd0b92490.css","styles-e9d24b1846c7d6eb9685.js","styles-e9d24b1846c7d6eb9685.js.map","61a55bcb8bb67f4c33f2bbbf0fb7dbd06b98dabb-dc9774ec8b7b3207006a.js","61a55bcb8bb67f4c33f2bbbf0fb7dbd06b98dabb-dc9774ec8b7b3207006a.js.map","056aa1096da788580a4407e0d1d1674e1ba35ef9-087b334d04088f5abfa4.js","056aa1096da788580a4407e0d1d1674e1ba35ef9-087b334d04088f5abfa4.js.map","component---src-pages-why-inf-tsx-cee13bf7bd69525a28cd.js","component---src-pages-why-inf-tsx-cee13bf7bd69525a28cd.js.map"],"children":{},"childAssets":{}},"component---src-templates-template-tsx":{"chunks":[1,0,54],"assets":["styles.d2e007f499fbd0b92490.css","styles-e9d24b1846c7d6eb9685.js","styles-e9d24b1846c7d6eb9685.js.map","61a55bcb8bb67f4c33f2bbbf0fb7dbd06b98dabb-dc9774ec8b7b3207006a.js","61a55bcb8bb67f4c33f2bbbf0fb7dbd06b98dabb-dc9774ec8b7b3207006a.js.map","component---src-templates-template-tsx-75d3aeae1b4fab675ac7.js","component---src-templates-template-tsx-75d3aeae1b4fab675ac7.js.map"],"children":{},"childAssets":{}}},"assetsByChunkName":{"polyfill":["webpack-runtime-e039c75a5fd1dda768ce.js","polyfill-fe724ad68a5021e141da.js"],"app":["webpack-runtime-e039c75a5fd1dda768ce.js","framework-c74b59c982ebd195fbff.js","b637e9a5-fae4b12d5f2329656571.js","app-50963c8e33628afb7d4b.js"],"component---cache-caches-gatsby-plugin-offline-app-shell-js":["component---cache-caches-gatsby-plugin-offline-app-shell-js-d0af0a3dd2ad9425cea2.js"],"component---src-pages-404-tsx":["styles.d2e007f499fbd0b92490.css","styles-e9d24b1846c7d6eb9685.js","61a55bcb8bb67f4c33f2bbbf0fb7dbd06b98dabb-dc9774ec8b7b3207006a.js","056aa1096da788580a4407e0d1d1674e1ba35ef9-087b334d04088f5abfa4.js","component---src-pages-404-tsx-422609090662c3b3eb5c.js"],"component---src-pages-about-us-tsx":["styles.d2e007f499fbd0b92490.css","styles-e9d24b1846c7d6eb9685.js","61a55bcb8bb67f4c33f2bbbf0fb7dbd06b98dabb-dc9774ec8b7b3207006a.js","056aa1096da788580a4407e0d1d1674e1ba35ef9-087b334d04088f5abfa4.js","component---src-pages-about-us-tsx-142a81864047acf7b015.js"],"component---src-pages-advantage-plan-tsx":["styles.d2e007f499fbd0b92490.css","styles-e9d24b1846c7d6eb9685.js","61a55bcb8bb67f4c33f2bbbf0fb7dbd06b98dabb-dc9774ec8b7b3207006a.js","056aa1096da788580a4407e0d1d1674e1ba35ef9-087b334d04088f5abfa4.js","component---src-pages-advantage-plan-tsx-092385aed86b57b765d8.js"],"component---src-pages-apply-tsx":["styles.d2e007f499fbd0b92490.css","styles-e9d24b1846c7d6eb9685.js","61a55bcb8bb67f4c33f2bbbf0fb7dbd06b98dabb-dc9774ec8b7b3207006a.js","056aa1096da788580a4407e0d1d1674e1ba35ef9-087b334d04088f5abfa4.js","644b2429bf27f7406b31cb1023499dfc27d00fd5-20757582684167f0f3c0.js","component---src-pages-apply-tsx-2cdac114a84bcb85cc62.js"],"component---src-pages-bmi-apply-tsx":["styles.d2e007f499fbd0b92490.css","styles-e9d24b1846c7d6eb9685.js","61a55bcb8bb67f4c33f2bbbf0fb7dbd06b98dabb-dc9774ec8b7b3207006a.js","056aa1096da788580a4407e0d1d1674e1ba35ef9-087b334d04088f5abfa4.js","644b2429bf27f7406b31cb1023499dfc27d00fd5-20757582684167f0f3c0.js","component---src-pages-bmi-apply-tsx-82632e167391e67f5fc5.js"],"component---src-pages-bmi-travel-tsx":["styles.d2e007f499fbd0b92490.css","styles-e9d24b1846c7d6eb9685.js","61a55bcb8bb67f4c33f2bbbf0fb7dbd06b98dabb-dc9774ec8b7b3207006a.js","056aa1096da788580a4407e0d1d1674e1ba35ef9-087b334d04088f5abfa4.js","644b2429bf27f7406b31cb1023499dfc27d00fd5-20757582684167f0f3c0.js","component---src-pages-bmi-travel-tsx-00a3db251009ce3e4c5a.js"],"component---src-pages-choice-plan-tsx":["styles.d2e007f499fbd0b92490.css","styles-e9d24b1846c7d6eb9685.js","61a55bcb8bb67f4c33f2bbbf0fb7dbd06b98dabb-dc9774ec8b7b3207006a.js","056aa1096da788580a4407e0d1d1674e1ba35ef9-087b334d04088f5abfa4.js","component---src-pages-choice-plan-tsx-62f2a3092932b27a9374.js"],"component---src-pages-claims-tsx":["styles.d2e007f499fbd0b92490.css","styles-e9d24b1846c7d6eb9685.js","61a55bcb8bb67f4c33f2bbbf0fb7dbd06b98dabb-dc9774ec8b7b3207006a.js","056aa1096da788580a4407e0d1d1674e1ba35ef9-087b334d04088f5abfa4.js","644b2429bf27f7406b31cb1023499dfc27d00fd5-20757582684167f0f3c0.js","component---src-pages-claims-tsx-da3ed79d31e72c74bcec.js"],"component---src-pages-contact-us-tsx":["styles.d2e007f499fbd0b92490.css","styles-e9d24b1846c7d6eb9685.js","61a55bcb8bb67f4c33f2bbbf0fb7dbd06b98dabb-dc9774ec8b7b3207006a.js","056aa1096da788580a4407e0d1d1674e1ba35ef9-087b334d04088f5abfa4.js","component---src-pages-contact-us-tsx-1b8792113e2f1d2ebe98.js"],"component---src-pages-cookies-policy-tsx":["styles.d2e007f499fbd0b92490.css","styles-e9d24b1846c7d6eb9685.js","61a55bcb8bb67f4c33f2bbbf0fb7dbd06b98dabb-dc9774ec8b7b3207006a.js","component---src-pages-cookies-policy-tsx-9bff38325a654c49e5a0.js"],"component---src-pages-dental-discounts-from-inf-tsx":["styles.d2e007f499fbd0b92490.css","styles-e9d24b1846c7d6eb9685.js","61a55bcb8bb67f4c33f2bbbf0fb7dbd06b98dabb-dc9774ec8b7b3207006a.js","056aa1096da788580a4407e0d1d1674e1ba35ef9-087b334d04088f5abfa4.js","component---src-pages-dental-discounts-from-inf-tsx-c22db72216469250f125.js"],"component---src-pages-diplomat-america-tsx":["styles.d2e007f499fbd0b92490.css","styles-e9d24b1846c7d6eb9685.js","61a55bcb8bb67f4c33f2bbbf0fb7dbd06b98dabb-dc9774ec8b7b3207006a.js","056aa1096da788580a4407e0d1d1674e1ba35ef9-087b334d04088f5abfa4.js","644b2429bf27f7406b31cb1023499dfc27d00fd5-20757582684167f0f3c0.js","component---src-pages-diplomat-america-tsx-b5fad828e74cf8b7dd15.js"],"component---src-pages-diplomat-international-tsx":["styles.d2e007f499fbd0b92490.css","styles-e9d24b1846c7d6eb9685.js","61a55bcb8bb67f4c33f2bbbf0fb7dbd06b98dabb-dc9774ec8b7b3207006a.js","056aa1096da788580a4407e0d1d1674e1ba35ef9-087b334d04088f5abfa4.js","644b2429bf27f7406b31cb1023499dfc27d00fd5-20757582684167f0f3c0.js","component---src-pages-diplomat-international-tsx-f085adc6b5b1ac934c1f.js"],"component---src-pages-elite-network-faq-tsx":["styles.d2e007f499fbd0b92490.css","styles-e9d24b1846c7d6eb9685.js","61a55bcb8bb67f4c33f2bbbf0fb7dbd06b98dabb-dc9774ec8b7b3207006a.js","056aa1096da788580a4407e0d1d1674e1ba35ef9-087b334d04088f5abfa4.js","component---src-pages-elite-network-faq-tsx-313733426e35a8a3dfbb.js"],"component---src-pages-elite-network-tsx":["styles.d2e007f499fbd0b92490.css","styles-e9d24b1846c7d6eb9685.js","61a55bcb8bb67f4c33f2bbbf0fb7dbd06b98dabb-dc9774ec8b7b3207006a.js","056aa1096da788580a4407e0d1d1674e1ba35ef9-087b334d04088f5abfa4.js","component---src-pages-elite-network-tsx-9158505537e1d8e73b0e.js"],"component---src-pages-extend-tsx":["styles.d2e007f499fbd0b92490.css","styles-e9d24b1846c7d6eb9685.js","61a55bcb8bb67f4c33f2bbbf0fb7dbd06b98dabb-dc9774ec8b7b3207006a.js","056aa1096da788580a4407e0d1d1674e1ba35ef9-087b334d04088f5abfa4.js","644b2429bf27f7406b31cb1023499dfc27d00fd5-20757582684167f0f3c0.js","component---src-pages-extend-tsx-2253109928c7ed21c4e3.js"],"component---src-pages-eyemed-tsx":["styles.d2e007f499fbd0b92490.css","styles-e9d24b1846c7d6eb9685.js","61a55bcb8bb67f4c33f2bbbf0fb7dbd06b98dabb-dc9774ec8b7b3207006a.js","056aa1096da788580a4407e0d1d1674e1ba35ef9-087b334d04088f5abfa4.js","6f22149499e490f295044dab776d8919ecae7556-73a3270215dfb387e189.js","component---src-pages-eyemed-tsx-8c44d36b00baa0177b68.js"],"component---src-pages-faq-tsx":["styles.d2e007f499fbd0b92490.css","styles-e9d24b1846c7d6eb9685.js","61a55bcb8bb67f4c33f2bbbf0fb7dbd06b98dabb-dc9774ec8b7b3207006a.js","056aa1096da788580a4407e0d1d1674e1ba35ef9-087b334d04088f5abfa4.js","component---src-pages-faq-tsx-830c10f6894c33f86a04.js"],"component---src-pages-first-health-ppo-tsx":["styles.d2e007f499fbd0b92490.css","styles-e9d24b1846c7d6eb9685.js","61a55bcb8bb67f4c33f2bbbf0fb7dbd06b98dabb-dc9774ec8b7b3207006a.js","056aa1096da788580a4407e0d1d1674e1ba35ef9-087b334d04088f5abfa4.js","component---src-pages-first-health-ppo-tsx-cb7ddaf951fed82429de.js"],"component---src-pages-ihc-stm-tsx":["styles.d2e007f499fbd0b92490.css","styles-e9d24b1846c7d6eb9685.js","61a55bcb8bb67f4c33f2bbbf0fb7dbd06b98dabb-dc9774ec8b7b3207006a.js","056aa1096da788580a4407e0d1d1674e1ba35ef9-087b334d04088f5abfa4.js","component---src-pages-ihc-stm-tsx-256454619f60af18721a.js"],"component---src-pages-index-tsx":["styles.d2e007f499fbd0b92490.css","styles-e9d24b1846c7d6eb9685.js","61a55bcb8bb67f4c33f2bbbf0fb7dbd06b98dabb-dc9774ec8b7b3207006a.js","056aa1096da788580a4407e0d1d1674e1ba35ef9-087b334d04088f5abfa4.js","644b2429bf27f7406b31cb1023499dfc27d00fd5-20757582684167f0f3c0.js","6f22149499e490f295044dab776d8919ecae7556-73a3270215dfb387e189.js","component---src-pages-index-tsx-ddf12f24116ac7216a5b.js"],"component---src-pages-inf-easy-select-premiums-tsx":["styles.d2e007f499fbd0b92490.css","styles-e9d24b1846c7d6eb9685.js","61a55bcb8bb67f4c33f2bbbf0fb7dbd06b98dabb-dc9774ec8b7b3207006a.js","056aa1096da788580a4407e0d1d1674e1ba35ef9-087b334d04088f5abfa4.js","644b2429bf27f7406b31cb1023499dfc27d00fd5-20757582684167f0f3c0.js","component---src-pages-inf-easy-select-premiums-tsx-dcd33469f5c50acbaa02.js"],"component---src-pages-inf-easy-select-tsx":["styles.d2e007f499fbd0b92490.css","styles-e9d24b1846c7d6eb9685.js","61a55bcb8bb67f4c33f2bbbf0fb7dbd06b98dabb-dc9774ec8b7b3207006a.js","056aa1096da788580a4407e0d1d1674e1ba35ef9-087b334d04088f5abfa4.js","644b2429bf27f7406b31cb1023499dfc27d00fd5-20757582684167f0f3c0.js","component---src-pages-inf-easy-select-tsx-7c45fa5a496c7e8112ad.js"],"component---src-pages-members-tsx":["styles.d2e007f499fbd0b92490.css","styles-e9d24b1846c7d6eb9685.js","61a55bcb8bb67f4c33f2bbbf0fb7dbd06b98dabb-dc9774ec8b7b3207006a.js","056aa1096da788580a4407e0d1d1674e1ba35ef9-087b334d04088f5abfa4.js","644b2429bf27f7406b31cb1023499dfc27d00fd5-20757582684167f0f3c0.js","component---src-pages-members-tsx-6ae60f45d62b008bce11.js"],"component---src-pages-plan-id-cards-tsx":["styles.d2e007f499fbd0b92490.css","styles-e9d24b1846c7d6eb9685.js","61a55bcb8bb67f4c33f2bbbf0fb7dbd06b98dabb-dc9774ec8b7b3207006a.js","056aa1096da788580a4407e0d1d1674e1ba35ef9-087b334d04088f5abfa4.js","644b2429bf27f7406b31cb1023499dfc27d00fd5-20757582684167f0f3c0.js","component---src-pages-plan-id-cards-tsx-5aab929e2e4e337a58d3.js"],"component---src-pages-premier-faq-tsx":["styles.d2e007f499fbd0b92490.css","styles-e9d24b1846c7d6eb9685.js","61a55bcb8bb67f4c33f2bbbf0fb7dbd06b98dabb-dc9774ec8b7b3207006a.js","056aa1096da788580a4407e0d1d1674e1ba35ef9-087b334d04088f5abfa4.js","component---src-pages-premier-faq-tsx-9fa9aaa770cfb490186f.js"],"component---src-pages-premier-tsx":["styles.d2e007f499fbd0b92490.css","styles-e9d24b1846c7d6eb9685.js","61a55bcb8bb67f4c33f2bbbf0fb7dbd06b98dabb-dc9774ec8b7b3207006a.js","056aa1096da788580a4407e0d1d1674e1ba35ef9-087b334d04088f5abfa4.js","component---src-pages-premier-tsx-1adc032139476f549186.js"],"component---src-pages-privacy-policy-tsx":["styles.d2e007f499fbd0b92490.css","styles-e9d24b1846c7d6eb9685.js","61a55bcb8bb67f4c33f2bbbf0fb7dbd06b98dabb-dc9774ec8b7b3207006a.js","component---src-pages-privacy-policy-tsx-5342c836c589e1a6566b.js"],"component---src-pages-producers-tsx":["styles.d2e007f499fbd0b92490.css","styles-e9d24b1846c7d6eb9685.js","61a55bcb8bb67f4c33f2bbbf0fb7dbd06b98dabb-dc9774ec8b7b3207006a.js","056aa1096da788580a4407e0d1d1674e1ba35ef9-087b334d04088f5abfa4.js","644b2429bf27f7406b31cb1023499dfc27d00fd5-20757582684167f0f3c0.js","component---src-pages-producers-tsx-d88c5981ae4836821452.js"],"component---src-pages-request-a-quote-tsx":["styles.d2e007f499fbd0b92490.css","styles-e9d24b1846c7d6eb9685.js","61a55bcb8bb67f4c33f2bbbf0fb7dbd06b98dabb-dc9774ec8b7b3207006a.js","056aa1096da788580a4407e0d1d1674e1ba35ef9-087b334d04088f5abfa4.js","component---src-pages-request-a-quote-tsx-cbf88d979f020bcec379.js"],"component---src-pages-select-care-plan-tsx":["styles.d2e007f499fbd0b92490.css","styles-e9d24b1846c7d6eb9685.js","61a55bcb8bb67f4c33f2bbbf0fb7dbd06b98dabb-dc9774ec8b7b3207006a.js","056aa1096da788580a4407e0d1d1674e1ba35ef9-087b334d04088f5abfa4.js","component---src-pages-select-care-plan-tsx-6fdea33c695285c9ccd5.js"],"component---src-pages-standard-faq-tsx":["styles.d2e007f499fbd0b92490.css","styles-e9d24b1846c7d6eb9685.js","61a55bcb8bb67f4c33f2bbbf0fb7dbd06b98dabb-dc9774ec8b7b3207006a.js","056aa1096da788580a4407e0d1d1674e1ba35ef9-087b334d04088f5abfa4.js","component---src-pages-standard-faq-tsx-59aa7cb212be42450590.js"],"component---src-pages-standard-tsx":["styles.d2e007f499fbd0b92490.css","styles-e9d24b1846c7d6eb9685.js","61a55bcb8bb67f4c33f2bbbf0fb7dbd06b98dabb-dc9774ec8b7b3207006a.js","056aa1096da788580a4407e0d1d1674e1ba35ef9-087b334d04088f5abfa4.js","component---src-pages-standard-tsx-a7d761d3aed5a896cf21.js"],"component---src-pages-telemedicine-visitors-insurance-tsx":["styles.d2e007f499fbd0b92490.css","styles-e9d24b1846c7d6eb9685.js","61a55bcb8bb67f4c33f2bbbf0fb7dbd06b98dabb-dc9774ec8b7b3207006a.js","056aa1096da788580a4407e0d1d1674e1ba35ef9-087b334d04088f5abfa4.js","component---src-pages-telemedicine-visitors-insurance-tsx-ca0c1d1edf82a048b5c4.js"],"component---src-pages-terms-of-use-tsx":["styles.d2e007f499fbd0b92490.css","styles-e9d24b1846c7d6eb9685.js","61a55bcb8bb67f4c33f2bbbf0fb7dbd06b98dabb-dc9774ec8b7b3207006a.js","component---src-pages-terms-of-use-tsx-2fa7b188e5034842a2fd.js"],"component---src-pages-thank-you-for-contacting-us-tsx":["styles.d2e007f499fbd0b92490.css","styles-e9d24b1846c7d6eb9685.js","61a55bcb8bb67f4c33f2bbbf0fb7dbd06b98dabb-dc9774ec8b7b3207006a.js","056aa1096da788580a4407e0d1d1674e1ba35ef9-087b334d04088f5abfa4.js","component---src-pages-thank-you-for-contacting-us-tsx-4e85cff7a5824514d03f.js"],"component---src-pages-thank-you-tsx":["styles.d2e007f499fbd0b92490.css","styles-e9d24b1846c7d6eb9685.js","61a55bcb8bb67f4c33f2bbbf0fb7dbd06b98dabb-dc9774ec8b7b3207006a.js","056aa1096da788580a4407e0d1d1674e1ba35ef9-087b334d04088f5abfa4.js","component---src-pages-thank-you-tsx-66d706d7f372b64eb041.js"],"component---src-pages-travel-insurance-for-visiting-seniors-tsx":["styles.d2e007f499fbd0b92490.css","styles-e9d24b1846c7d6eb9685.js","61a55bcb8bb67f4c33f2bbbf0fb7dbd06b98dabb-dc9774ec8b7b3207006a.js","056aa1096da788580a4407e0d1d1674e1ba35ef9-087b334d04088f5abfa4.js","component---src-pages-travel-insurance-for-visiting-seniors-tsx-b12613a2e48260560ca6.js"],"component---src-pages-traveler-usa-tsx":["styles.d2e007f499fbd0b92490.css","styles-e9d24b1846c7d6eb9685.js","61a55bcb8bb67f4c33f2bbbf0fb7dbd06b98dabb-dc9774ec8b7b3207006a.js","056aa1096da788580a4407e0d1d1674e1ba35ef9-087b334d04088f5abfa4.js","component---src-pages-traveler-usa-tsx-dfd8f088c6e08b651f3e.js"],"component---src-pages-trip-shield-tsx":["styles.d2e007f499fbd0b92490.css","styles-e9d24b1846c7d6eb9685.js","61a55bcb8bb67f4c33f2bbbf0fb7dbd06b98dabb-dc9774ec8b7b3207006a.js","056aa1096da788580a4407e0d1d1674e1ba35ef9-087b334d04088f5abfa4.js","component---src-pages-trip-shield-tsx-a5f0190ecbf09b2141d8.js"],"component---src-pages-visitor-insurance-tips-tsx":["styles.d2e007f499fbd0b92490.css","styles-e9d24b1846c7d6eb9685.js","61a55bcb8bb67f4c33f2bbbf0fb7dbd06b98dabb-dc9774ec8b7b3207006a.js","056aa1096da788580a4407e0d1d1674e1ba35ef9-087b334d04088f5abfa4.js","component---src-pages-visitor-insurance-tips-tsx-1574dda40eaf15b6efb8.js"],"component---src-pages-visitors-insurance-faq-tsx":["styles.d2e007f499fbd0b92490.css","styles-e9d24b1846c7d6eb9685.js","61a55bcb8bb67f4c33f2bbbf0fb7dbd06b98dabb-dc9774ec8b7b3207006a.js","056aa1096da788580a4407e0d1d1674e1ba35ef9-087b334d04088f5abfa4.js","component---src-pages-visitors-insurance-faq-tsx-fac7cdf4b72696235897.js"],"component---src-pages-visitors-insurance-plans-tsx":["styles.d2e007f499fbd0b92490.css","styles-e9d24b1846c7d6eb9685.js","61a55bcb8bb67f4c33f2bbbf0fb7dbd06b98dabb-dc9774ec8b7b3207006a.js","056aa1096da788580a4407e0d1d1674e1ba35ef9-087b334d04088f5abfa4.js","component---src-pages-visitors-insurance-plans-tsx-75f6a01b4bdae662fb29.js"],"component---src-pages-visitors-insurance-quote-tsx":["styles.d2e007f499fbd0b92490.css","styles-e9d24b1846c7d6eb9685.js","61a55bcb8bb67f4c33f2bbbf0fb7dbd06b98dabb-dc9774ec8b7b3207006a.js","056aa1096da788580a4407e0d1d1674e1ba35ef9-087b334d04088f5abfa4.js","component---src-pages-visitors-insurance-quote-tsx-6ba1ebcba3be864e512c.js"],"component---src-pages-why-inf-tsx":["styles.d2e007f499fbd0b92490.css","styles-e9d24b1846c7d6eb9685.js","61a55bcb8bb67f4c33f2bbbf0fb7dbd06b98dabb-dc9774ec8b7b3207006a.js","056aa1096da788580a4407e0d1d1674e1ba35ef9-087b334d04088f5abfa4.js","component---src-pages-why-inf-tsx-cee13bf7bd69525a28cd.js"],"component---src-templates-template-tsx":["styles.d2e007f499fbd0b92490.css","styles-e9d24b1846c7d6eb9685.js","61a55bcb8bb67f4c33f2bbbf0fb7dbd06b98dabb-dc9774ec8b7b3207006a.js","component---src-templates-template-tsx-75d3aeae1b4fab675ac7.js"]}}